term,definition
3D,Trois dimensions (volumes)
AAA,Acte Auto-Agressif
AAB,Atteinte Aux Biens
AAE,Architectes associés pour l'environnement
AAEXA,Assurance accident des exploitants agricoles
AAF,Académie d'agriculture de France
AAH,Allocation aux adultes handicapés
AAI,Autorités administratives indépendantes
AAP,Administration d'affichage et de publicité.
AAP,Adjoint Administratif Principal
AAPC,Avis d'appel public à la concurrence
AAPPMA,Association agréée pour la pêche et la protection du milieu aquatique.
AASQUA,Association agréé de surveillance de la qualité de l'air
AASU,Attaché-d’Aministration-Scolaire et Universitaire
AAT,Avis d’arrêt de travail
AATF,Association des administrateurs territoriaux de France
AAVR,Association d'aide aux victimes de la route.
AB,Agriculture biologique.
ABF,Architecte des bâtiments de France.
ABF,Association des bibliothécaires français
ABS,Analyse Des Besoins Sociaux
AC,Administrateur civil.
AC,Allocation compensatrice
AC,Appellation contrôlée.
AC,Autorité de certification 
AC,Avoirs Criminels
ACA,Allocation Chômeur Agé
ACA,Association coopération et aménagement.
ACAATA,Allocation de cessation anticipée d'activité des travailleurs de l'amiante
ACBUS,Accord de bon usage des soins
ACCA,Associations communales de chasse agréées
ACCIMADA,ACCIdent de transport de MAtières DAngereuses
ACCITRAPU,ACCIdent de TRAnsport PUblic de personnes
ACCORD,"Application coordonée de comptabilisation, d’ordonnancement et de reglement de la dépense de l’État."
ACCR,Accident Corporel de la Circulation Routière
ACCRE,Aide aux chômeurs créateurs ou repreneurs d'entreprise
ACDN,Action des citoyens pour le désarmement nucléaire.
ACE,Action communautaire pour l'environnement
ACE,Aide au conseil aux entreprises
ACEMP,Association des commissaires enquêteurs de Midi Pyrénées
ACEP,Association communautaire pour l’emploi et le partage
ACES,Agence nationale pour la Cohésion Sociale et l’Égalité des chances
ACEV,Association des commissaires enquêteurs de la Vendée.
ACFCI,Assemblée des chambres françaises de commerce et d'industrie.
ACFP,Allocation Compensatrice pour Frais Professionnels
ACIDD,Association communication et information pour le développement durable
ACMO,Agent chargé de la mise en œuvre des règles d’hygiène et de sécurité
ACMP,Ancien Code des Marchés Publics (antérieur à 2001)
ACNAT,Action communautaire pour la conservation de la nature.
ACNSA,Association contre les nuisances sonores aériennes.
ACNUSA,Autorité de contrôle des nuisances portuaires et aéroportuaires.
ACNUSA,Autorité de contrôle des nuisances aéroportuaires
ACOFA,Agence centrale des organismes d'intervention dans le secteur agricole
ACOSS,Agence centrale des organismes de sécurité sociale
ACP,Agence centrale de presse
ACP,Association des Comptables Publics
ACP (pays),"Pays d'Afrique, des Caraïbes et du Pacifique"
ACPR,Autorité de contrôle prudentiel et de résolution
ACR,Action communautaire pour l'environnement.
ACS,Aide à La Complémentaire Santé
ACSE,Agence nationale pour la cohésion sociale et l'égalité des chances
ACSEL,Association pour le commerce et les services en ligne
ACT,Appartement de coordination Thérapeutique
ACT,Assistance pour la passation du Contrat de Travaux
ACTA,Association de coordination technique agricole
ACTED,Agence d'aide à la coopération technique et au développement
ACTES,Aide au contrôle de la légalité dématérialisée
ACTIA,Association de coordination technique des industries agricoles et alimentaires
ACTIF,Association pour la coordination des techniques d’information et de formation des personnels sanitaires et sociaux
ACTIM,"Agence pour la coopération technique, industrielle et économique"
ACTIMAF,ACTIvités MAFieuses
ACTP,Allocation compensatrice pour tierce personne
ACUCES,Association du centre universitaire de coopération économique et sociale
ACUF,Association des communautés urbaines de France.
ADA,Accès aux documents administratifs.
ADAE,Agence pour le Développement de l’Administration Electronique [dématérialisation des procédures]
ADALIS,Addictions Drogues Alcool Info Service
ADAPEI,Association départementale des associations et amis d’enfants inadaptés
ADAPT,Association Pour L’insertion Sociale Et Professionnelle Des Personnes Handicapées
ADAR,Agence de développement agricole et rural
ADASEA,Association départementale des associations de sauvegarde de l’enfance et de l’adolescence
ADASEA,Associations départementales pour l'aménagement des structures des exploitations agricoles
ADBS,Association des professionnels de l’information et de la documentation
ADCF,Assemblée des communautés de France.
ADCP,Association départementale de la protection civile
ADDE,Agence départementale de développement économique.
ADEC,Agence de développement économique.
ADELE,ADministration ELEtronique [dématérialisation des procédures]
ADEME,Agence de l'environnement et de la maîtrise de l'énergie
ADEME,Agence de la transition écologique
ADEP,Agence nationale pour le développement de l'éducation permanente
ADESM,Association des Directeurs d’Établissements de Santé Mentale
ADESSA,fédération d’employeur de l’aide à domicile regroupant depuis 2002 la FNADAR et la FNAFAD
ADETEF,Association pour le développement des échanges en technologie économique et financière
ADF,Assemblée des départements de France
ADFI,Association de Défense des Familles et des Individus
ADHAP,Services D’aide à Domicile
ADI,Agence pour le développement de l'informatique
ADIE,Association pour le développement de l’initiative économique
ADIL,Association départementale d'information sur le logement
ADIT,Agence pour la diffusion de l'information technologique
ADJA,Actualité Judiciaire Droit Administratif
ADM,Aide au diagnostic médical
ADM,Association départementale des maires.
ADMI,Actions des Médiateurs du livre
ADMR,Aide à Domicile En Milieu Rural
ADN,Acide Désoxyribonucléique
ADP,Aéroport de Paris
ADPA,Allocation Départementale Personnalisée à L’autonomie
ADPEP,Association Départementale Des Pupilles De L’enseignement Public
ADPF,Association pour la diffusion de la pensée française
ADPLG,Architecte diplômé par le gouvernement.
ADR,Aide au développement rural.
ADRAF,Agence de développement rural et d'aménagement foncier
ADS,Adjoint De Sécurité
ADS,Application du droit des sols.
ADSEA,Association Départementale de Sauvegarde de l’Enfance et de l’Adolescence
ADSL,Asynchronous digital suscriber line (ligne numérique à paires asymétriques)
ADSL,Application Demande et Suivi des Loiciels
ADSSEAD,Association De Services Spécialisés pour Enfants et Adolescents en Difficulté
ADT,Aménagement et développement du territoire.
ADTMP,Association Départementale De Tutelle Des Majeurs Protégés
AE,Acte d'Engagement ou formulaire DC3 (remplacé par ATTRI1)
AE,Autorisation d’engagement
AEB,Action éducative budgétaire
AED,Aide Educative à Domicile
AED,Automated External Defibrillator
AEE,Agence européenne pour l'environnement.
AEEH,Allocation d'éducation de l'enfant handicapé
AEEN,Agence européenne pour l'énergie nucléaire
AEF,Annuaire des entreprises de France.
AEFE,Agence pour l'enseignement français à l'étranger
AEG,Altération de l’État Général
AEG,Administration-Économie-Gestion
AEIM,Adultes Et Enfants Inadaptés Mentaux
AELE,Association européenne de libre échange
AEMO,Action éducative en milieu ouvert
AEMOA,Action Educative En Milieu Ouvert Administrative
AEN,Agence pour l'énergie nucléaire.
AEP,Agence des espaces verts
AEP,Association d’éducation populaire
AEPN,Association des écologistes pour le nucléaire.
AEPS,Action éducative périscolaire
AER,Action éducative Renforcée
AER,Agence d'évaluation de la recherche
AER,Allocation équivalent retraite
AERAS,S'assurer et emprunter avec un risque aggravé de santé
AES,Administration Economique et Sociale
AES,Allocation d'éducation spéciale
AESF,Accompagnement En Economie Sociale Et Familiale
AESH,Accompagnant des élèves en situation de handicap
AF,Amende Forfaitaire
AFA,Action de formation alternée
AFA,Agence Française Anticorruption
AFA,Agence française de l'adoption
AFA,Association foncière agricole
AFA,Association foncière agricole.
AFAA,Association française d'action artistique
AFAF,Aménagement foncier agricole et forestier.
AFAFAF,Associations Foncières d’Aménagement Foncier Agricole et Forestier
AFAN,Association pour les fouilles archéologiques nationales.
AFAQ,Association Française d'Assurance Qualité
AFASE,Aide Financière D’aide Sociale à L’enfance
AFASSA,Agence française de sécurité sanitaire des aliments.
AFAT,Association française d'action touristique
AFB,Atelier de Formation de Base
AFCC,Association française des centres de consultation conjugale
AFD,Agence française de développement
AFD,Allocation de fin de droits
AFDPHE,Association française pour le dépistage et la prévention des handicaps de l’enfant
AFDU,Association française du développement urbain.
AFE,Agence ferroviaire européenne.
AFE,Assemblée des Français de l'étranger
AFEAMA,Aide à la Famille pour l’Emploi d’une Assistante Maternelle (l’AFEAMA n’existe plus depuis janvier 2010 ses bénéficiaire sont sous le régime de la PAJE)
AFEI,Association française pour l'étiquetage d'information
AFERNOD,Association française pour l'étude et la recherche des nodules polymétalliques
AFF,Allocation de fin de formation
AFFS,Allocation de formation de fin de stage
AFGSU,Attestation de Formation aux Gestes et Soins d’Urgence
AFICAR,Agence française d'information et de communication agricole et rurale
AFID,Aide Financière Individuelle Déconcentrée (pour Personne Ayant Le Rsa)
AFII,Agence française pour les investissements internationaux
AFIREM,Association française d’information et de recherche sur l’enfance maltraitée
AFIT,Agence française d'ingénierie touristique
AFITF,Agence de financement des infrastructures de transport de France
AFL,Association Frédéric Levavasseur
AFLD,Agence française de lutte contre le dopage
AFM,Association française contre les myopathies
AFME,Agence française pour la maîtrise de l'énergie
AFNOR,Association française de normalisation
AFNOR,Association française de normalisation - Groupe AFNOR
AFOCERT,Association Française des Organismes de CERTification des produits de construction
AFORMAC,Association Pour La Formation Dans Le Massif Central
AFORTS,Association Francaise des Organismes de Formation et de Recherche en Travail Social
AFP,Agence France-Presse
AFP,Aide Financière Personalisée (pour Les Bénéficiaires Du Rsa)
AFPA,Association nationale pour la formation professionnelle des adultes
AFPAP,Association Française de Protection et d’Assistance aux Personnes
AFPCN,Association française pour la prévention des catastrophes naturelles
AFPS,Association française du génie parasismique
AFPS,Attestation de formation aux premiers secours
AFPSSU,Association Française De Promotion De La Santé Scolaire Et Universitaire
AFR,Allocation formation reclassement
AFR,Association foncière de remembrement.
AFSEA,Association française pour la sauvegarde de l’enfance et de l’adolescence
AFSSA,Agence française de sécurité sanitaire des aliments
AFSSAPS,Agence française de sécurité sanitaire des produits de santé
AFSSE,Agence française de sécurité sanitaire environnementale
AFSSET,Agence française de sécurité sanitaire de l'environnement et du travail
AFT,Accueil Familial Thérapeutique (rattaché à la Pédo-psychiatrie)
AFT,Agence de la dette (Agence France Trésor)
AFU,Association foncière urbaine.
AFUTT,Association des utilisateurs des télécommunications
AG,Anesthésie Générale
AGA,Association de gestion agréée
AGA,Association de gestion agréée
AGA,Association de gestion agréée
AGA,Association de gestion agréée
AGBF,Aide à La Gestion Du Budget Familial
AGDREF,Application de Gestion des Dossiers des Ressortissants Étrangers en France
AGEAM,Association pour la gérance d'écoles d'apprentissage maritime
AGECIF,Association pour la gestion du congé individuel de formation
AGED,Allocation de Garde à Domicile
AGEFAL,Association de gestion du fonds des formations en alternance
AGEFIPH,Association de gestion du fonds pour l'insertion professionnelle des personnes handicapées
AGEFOS-PME,Association de gestion des fonds salarié des petites et moyennes entreprises
AGEPI,Aide à la garde d'enfants pour les parents isolés
AGFF,Association pour la gestion du fonds de financement AGIRC-ARRCO
AGGIR,(Grille) autonomie gérontologie groupe iso-ressources
AGIEM,Association Générale des Institutrices des Ecoles Maternelles
AGIRA,Association pour la gestion des informations relatives aux risques en assurance
AGIRC,Association générale des institutions de retraites des cadres
AGIRC,Association générale des institutions de retraites des cadres.
AGIV,Aspirants de Gendarmerie Issus du Volontariat
AGRASC,Agence de Gestion et de Recouvrement des Avoirs Saisis et Confisqués
AGREDE,Agriculture et épandage de déchets urbains et agro-industriels
AGRICA,Association de Gestion pour le compte des Institutions Complémentaires Agricoles
AGRIPPA,Application de Gestion du Répertoire Informatisé des Propriétaires et Possesseurs d'Armes
AGRR,Association Générale de Retraite par Répartition
AGS,Association pour la gestion du régime des garanties des créances des salariés
AGV,api.gouv.fr
AHAPS,Association Havraise Action Promotion Sociale
AI,Allocation d’insertion
AI,Association Intermédiaire
AI,Affaires Immobilières
AIC,Accélérateur d'Initiatives Citoyennes
AID,Agence internationale de développement
AIDAPHI,Association Interdépartementale Pour Le Développement Des Actions En Faveur Des Personnes Handicapées Et Inadaptées
AIE,Agence internationale de l'énergie.
AIEA,Agence internationale de l'énergie atomique
AIF,Aide Individuelle à La Formation
AIFE,Agence pour l'Informatique Financière de l'État
AII,Agence de l'innovation industrielle
AIJ,Accompagnement Intensif des Jeunes
AIL,Accord d’Initiative Locale
AIM,Association Internationale De La Mutualité
AIO,Accueil Information Orientation
AIS,Acte Infirmier de Soins
AIS,Adaptation et intégration scolaire
AITF,Association des Ingénieurs Territoriaux de France
AIVS,Agence immobilière à vocation sociale
AJ,Aide juridictionnelle
AL,Allocation de logement
ALAT,Commandement de l'aviation légère de l'armée de terre
ALD,Affection de longue durée
ALE,Accueil De Loisirs Extrascolaire
ALE,Agence locale de l'énergie.
ALE,Agence locale pour l’emploi
ALF,Allocation de logement familiale
ALI,Agent Local d’Insertion
ALI,Animateur local d’insertion
ALMA,Allo Maltraitance des Personnes Agées
ALME,Agence locale de la maîtrise de l'énergie.
ALS,Allocation d'enseignement et de recherche
ALS,Allocation de logement sociale
ALSH,accueil de loisirs sans hébergement (Nouvelle désignation du CLSH)
ALT,Aide au Logement Temporaire
AM,Assurance Maladie
AMAP,Association pour le maintien d'une agriculture paysanne
AMC,Assurance Maladie Complémentaire
AMCR,Accident Mortel de la Circulation Routière
AMD,Aide Médicale à Domicile
AME,Accords multilatéraux sur l'environnement.
AME,Aide médicale de l'État
AME,Aide médicale état
AME,Arrêté Ministériel d'Expulsion
AME,"Groupe de contrôle de l'armement, du maintien en condition opérationnelle et des exportations (AME)"
AMELI,Assurance Maladie en ligne
AMEXA,"Assurance maladie, invalidité et maternité des exploitants agricoles"
AMF,Accords multifibres
AMF,Association des maires de France
AMF,Assurance mutuelle des fonctionnaires
AMF,Autorité des marchés financiers
AMG,Assistance médicale gratuite
AMGVF,Association des Maires de grandes villes de France
AMI,Accord multilatéral sur l’investissement
AMI,Acte Médical Infirmier
AMI,Appel à manifestation d'intérêt
AMICAL,"Articulation, MIssion, Conduite À tenir, Liaisons"
AMIP,Aide Moniteur en Intervention Professionelle
AMM,Aéroport Montpellier Méditerranée
AMM,Autorisation de mise sur le marché
AMO,Actes pratiqués par l’orthophoniste
AMO,Assistance à Maîtrise d'Ouvrage
AMO,Assurance Maladie Obligatoire
AMOA,Assistance à la maîtrise d’ouvrage (cf. http://bit.ly/amoa1234)
AMOD,Arme Munition Optique Divers
AMP,Accord sur les Marchés Publics
AMP,Accord sur les marchés publics.
AMP,Aide Medico Psychologique
AMP,Aide médico psychologique
AMP,Assistance médicale à la procréation
AMR,Alliance maladies rares
AMRF,Association des maires ruraux.de France
AMU,Aide médicale d’urgence
AMVGF,Association des maires des grandes villes de France
ANABF,Association Nationale des Architecte des bâtiments de France
ANACT,Agence nationale pour l'amélioration des conditions de travail
ANAEM,Agence nationale d'accueil des étrangers et des migrations
ANAES,Agence nationale d'accréditation et d'évaluation en santé
ANAES,Association nationale d’accréditation des établissements de santé
ANAH,Agence nationale de l’habitat
ANAP,Agence Nationale D’appui à La Performance Des établissements De Santé Et Médico-sociaux
ANAS,Agence nationale des routes et aérodromes.
ANAS,Association nationale des assistants sociaux
ANC,Autorité des normes comptables
ANCCBAS,Association nationale des cadres des bureaux d’aide sociale
ANCE,Agence nationale pour la création d'entreprises
ANCE,Association Nationale des Communautés Educatives
ANCMRTM,Association nationale des communes pour la maîtrise des risques technologiques majeurs
ANCOLS,Agence nationale de contrôle du logement social
ANCSEC,Agence nationale pour la cohésion sociale et l'égalité des chances
ANCT,Agence nationale de la cohésion des territoires
ANCT,Agence nationale de la cohésion des territoires
ANCV,Association Nationale des Chèques Vacances
ANCV,Agence nationale pour les chèques-vacances
ANDA,Association nationale pour le développement agricole
ANDASS,Association nationale des directeurs des affaires sanitaires et sociales
ANDDOM,Association nationale pour le développement des départements d'outre-mer
ANDEM,Agence nationale pour le développement de l'évaluation médicale
ANDRA,Agence nationale pour la gestion des déchets radioactifs
ANDRED,Agence nationale pour la récupération et l'élimination des déchets.
ANEFE,Association nationale des écoles françaises de l'étranger
ANEJI,Association nationale des éducateurs de jeunes inadaptés
ANENA,Association nationale pour l'étude de la neige et des avalanches
ANESM,Agence Nationale de l’Évaluation Sociale et Médico-sociale
ANFH,Association Nationale pour la Formation permanente du personnel Hospitalier
ANFR,Agence nationale des fréquences
ANI,Accord national interprofessionnel
ANIFOM,Agence nationale pour l'indemnisation des Français d'outre-mer
ANIL,Association nationale d'information logement
ANIT,Agence nationale de l'information touristique
ANIVIT,Association Nationale interprofessionnelle des vins de table et des vins de pays
ANLCI,Agence nationale de lutte contre l'illettrisme
ANLEP,Association nationale des licenciés économique et des préretraités
ANMJPM,Association Nationale Des Mandataires Judiciaires à La Protection Des Majeurs (Nouveau nom de l’ANGT)
ANN,Agence Nationale du Numérique
ANPAA,Association Nationale De Prévention En Alcoologie Et Addictologie
ANPASE,Association nationale des personnels et acteurs de l’action sociale en faveur de la famille
ANPDE,Association Nationale des Puericultrices Diplomées d’État
ANPE,Agence nationale pour l'emploi
ANPEDA,Association nationale des parents d’enfants déficients auditifs
ANPEEC,Agence nationale pour l’information des locataires
ANPEEC,Agence nationale pour la part des employeurs à l’effort de construction
ANPER,Association Nationale pour la protection des Eaux et Rivières
ANPF,Association nationale des placements familiaux
ANPHA,Association nationale des personnes handicapées
ANR,Agence nationale de la recherche
ANRED,Agence nationale pour la récupération et l'élimination des déchets
ANRS,Agence Nationale de Recherches contre le Sida et les hépatites
ANRU,Agence nationale pour la rénovation urbaine
ANS,Agence du numérique en Santé
ANSA,Agence nouvelle des solidarités actives
ANSES,"Agence nationale de sécurité sanitaire, de l'alimentation, de l'environnement et du travail"
ANSM,Agence nationale de sécurité du médicament et des produits de santé
ANSP,Agence Nationale Des Services à La Personne
ANSP,Agence nationale de santé publique Santé Publique France
ANSSI,Agence Nationale de la Sécurité des Systèmes d'Information
ANT,Agence nationale pour l'insertion et la promotion des travailleurs d'outre-mer
ANTAI,Agence nationale de traitement automatisé des infractions
ANTS,Agence Nationale des Titres Sécurisés
ANVAR,Agence nationale de valorisation de la recherche
AO,Appel d'Offres
AOC,Appellation d'origine contrôlée
AOO,Appel d'Offres Ouvert
AOP,Appel d'Offres sur Performances
AOP,Appellation d'origine protégée.
AOR,Appel d'Offres Restreint
AOR,Assistance apportée au maître de l'ouvrage lors des opérations de réception
AP,Accueil Provisoire
AP,Assistance publique
AP,Auxiliaire de Puériculture
AP,Avant Projet
AP,Armurier Pyrotechnicien
AP-HM,Assistance publique - Hôpitaux de Marseille
AP-HP,Assistance publique - Hôpitaux de Paris
AP2E,Agir Pour Une Économie Équitable
APA,Activités physiques adaptées
APA,Allocation personnalisée d'autonomie
APA,Avant Projet Architectural
APAD,Association pour la promotion d'une Agriculture Durable
APAJH,Association pour adultes et jeunes handicapés
APASU,Attaché Principal d’Administration Scolaire et Universitaire
APB,Admission Post Bac
APB,Avant projet de budget.
APCA,Assemblée permanente des chambres d'agriculture.
APCE,Agence pour la création d'entreprise
APCG,Assemblée des présidents de Conseils Généraux.
APCM,Assemblée permanente des chambres de métiers
APCMA,Assemblée permanente des chambres de métiers et de l'artisanat
APD,Aide publique au développement
APD,Avant Projet Détaillé
APE,Action De Préparation à l’Emploi
APE,Agences Pôle Emploi
APE,Agir pour l'environnement
APE,Allocation parentale d'éducation
APE,Agence des participations de l'État
APEAS,Agence Provençale Pour Une Économie Alternative Et Solidaire
APEAS,Association de Parents d’Enfants Accidentés Par Strangulation
APEC,"Association pour l'emploi des cadres, ingénieurs et techniciens"
APEDYS,Association de Parents d’Enfants Dyslexiques
APEGH,"Agence de la procréation, de l'embryologie et de la génétique humaines"
APERAV,Association des Personnels du Rectorat de l’Académie de Versailles
APERE,Association pour la promotion des énergies renouvelables.
APERF,"Association Pour La Prévention, L’éducation, La Recherche Et La Formation En Rééducation Et Réadaptation"
APERI,Association d’Aide aux Personnes En voie de RéInsertion
APERS,Association De Prévention Et De Réinsertion Sociale (a Aix en Provence)
APF,Association des paralysés de France
APHM,Assistance Publique des Hôpitaux de Marseille
APHP,Assistance Publique Hôpitaux de Paris
API,Allocation de parent isolé
APICADEV,Association Picarde Des Aveugles Et Déficients Visuels
APIDPM,Autorités publiques indépendantes dotées de la personnalité morale
APIE,Agence du Patrimoine Immatériel de l’État
APIJ,Agence publique pour l'immobilier de la justice
APJ(A),Agent de Police Judiciaire (Adjoint)
APJE,Allocation Pour Jeune Enfant
APJM,accueil provisoire jeune majeur
APL,Aide personnalisée au logement
APP,Atelier pédagogique personnalisé
APPA,Association pour la prévention de la pollution atmosphérique
APPE,Association de protection et de prévention de l'environnement
APR,Agent polyvalent de restauration
APRE,Aide Personnalisée De Retour à L’emploi
APRF,Arrêté Préfectoral de Reconduite à la Frontière
APRI,Administration privée.
APRODI,Association pour la promotion et le développement industriel
APS,Avant Projet Sommaire
APS,Autorisation de Prise de Subsistance
APSA,Avant projet sommaire d'agglomération.
APSAD,Assemblée plénière des sociétés d'assurances-dommages
APTRP,Association professionnelle des transporteurs routiers de la région parisienne
APU,Administration publique
APUC,Administration publique centrale
APUL,Administration publique locale
APUR,Atelier parisien d'urbanisme
APVF,Association des petites villes de France
ARACT,Action Régionale Pour L’amélioration Des Conditions De Travail (membre du réseau de ANACT
ARADOPA,Association Régionale De L’aide à La Personne
ARAMIS,Association réseau des producteurs de données en santé publique
ARC,Assistant de recherche clinique
ARC,Attaché de recherche clinique
ARCAT,"Association de Recherche, de Communication et d’Action pour l’accés aux Traitements"
ARCEP,Autorité de régulation des communications électroniques et des postes
ARCS,L’association Rennaise Des Centres Sociaux
ARD,Agence régionale de développement.
ARDEQAF,Association Régionale Pour Le Développement Des Qualifications Et Des Actions De Formation
ARDES,Association Régionale Pour Le Développement De Économie Solidaire
ARDL,Association Pour Le Développement Local
ARDP,Autorité de régulation de la distribution de la presse
ARE,Anesthésiste Réanimateur
ARE,Allocation d'Aide au Retour à l'Emploi
AREF,Allocation d'Aide au Retour à l'Emploi Formation
ARENE,Agence Régionale de l'Environnement et des nouvelles énergies
AREPS,Association de recherche et d’étude des politiques sociales
ARERAM,Association pour la Rééducation des Enfants et la Réadaptation des adultes en difficulté Médico-sociale
ARF,Association des régions de France
ARH,Agence régionale d'hospitalisation
ARH,Agence régionale de l’hospitalisation
ARHIF,Agence Régionale d’Hospitalisation d’Ile-de-France
ARIAD,Association pour la recherche et l'information sur l'aide au développement
ARIC,Association Régionale d'information des Collectivités territoriales
ARIM,Association de restauration immobilière
ARIME,Association pour la Recherche et l’Intervention Médico-Educative
ARIST,Agence régionale d'information scientifique et technique
ARMPA,Association des réseaux de mesure de la pollution de l'air.
ARN,Acide RiboNucléique
ARP,Agence Régionale du Patrimoine
ARPE,Agence régionale pour l'environnement.
ARPE,Allocation de Remplacement Pour l’Emploi
ARPEJ,Association pour la Réadaptation et la Promotion des Enfants et des Jeunes
ARPPE,Agence Régionale pour la Protection du patrimoine et de l'environnement
ARPROVA,Association régionale de promotion de la vie associative
ARRCO,Association des régimes de retraite complémentaire
ARRIAE,Association Régionale des Réseaux de l’Insertion par l’Activité Economique
ARS,Agence régionale de santé
ARS,Allocation de rentrée scolaire
ARSE,Assignation à résidence avec surveillance électronique
ARSE,Assignation à résidence sous surveillance électronique.
ARSEAA,Association régionale de sauvegarde de l’enfant de l’adolescent et de l’adulte
ART,Autorité de régulation des télécommunications
ARTT,Aménagement et réduction du temps de travail
ARV,AntiRétroViraux
ARVEJ,Aménagement du rythme de vie de l'enfant et du jeune
AS,Aide soignant
AS,Assistante sociale
ASA,Aide supplémentaire d'attente
ASA,Association syndicale autorisée
ASAP,Accompagnement Social Et D’aide à La Parentalité
ASD,Aide Soignant·e Diplômé·e
ASE,Agence spatiale européenne
ASE,Aide sociale à l'enfance
ASE,Assistant socio-éducatif
ASEAN,Association of the South-East Asian Nations (Association des nations de l'Asie du Sud-Est)
ASEH,Accueil et Scolarisation des Enfants Handicapés
ASEL,Action socio-éducative liée au logement
ASF,Allocation de soutien familial
ASF,Autoroutes du sud de la France.
ASFA,Association des sociétés Françaises d’autoroutes
ASFAM,Assistante Familiale
ASFO,Association de formation
ASGF,Association syndicale de gestion forestière
ASGUAL,Association Guyane Alzheimer
ASH,Actualités sociales hebdomadaires (revue)
ASH,Agents des Services Hospitaliers
ASH,Aide Sociale A L’hébergement
ASHQ,Agent de service hospitalier qualifié
ASI,Appui Social Individualisé
ASI,Attaché de Sécurité Intérieure
ASL,Arrivée Sur les Lieux
ASLL,Allocation Sociale Liée Au Logement
ASMR,Amélioration du service médical rendu
ASN,Autorité de sûreté nucléaire.
ASP,Agence de services et de paiement ( anciennement CNASEA)
ASP,Agence de services et de paiement
ASPA,Allocation de solidarité aux personnes âgées
ASPC,Application de Stockage des Procédures Clotûrées
ASR,Attestation de sécurité routière.
ASS,Action Sanitaire et Sociale
ASS,Allocation de solidarité spécifique
ASS,Assistant de Service Social
ASSA,Antenne Spéciale de la Sécurité des Armes
ASSAD,Association De Soin Et De Services A Domicile
ASSAPS,Agence française de sécurité sanitaire des produits de santé.
ASSEDIC,Association pour l'emploi dans l'industrie et le commerce
ASSO,Administration de sécurité sociale
ASSTS,Antenne Spéciale de la Sécurité des Transports Sensibles
ASSU,Ambulance de Secours et de Soins d’Urgences
ASTE,Association pour le développement des sciences et techniques de l'environnement
ASTEE,Association scientifique et technique pour l'eau et l'environnement
ASTRID,Agence de soutien des technologies de la recherche industrielle et du développement
ASV,Ateliers Santé Ville
ASVP,Agent de Surveillance de la Voie Publique
AT,Accident du Travail
AT,Appartement Thérapeutique
AT,Autorité de Tarification
AT,Acquisition de Terrain
ATA,Agent technique d’alimentation
ATA,L’allocation temporaire d’attente
ATAC,Association technique pour l'action culturelle
ATB,Accidents Tués Bléssés
ATC,Assistants techniques au commerce
ATD,Aide à toute détresse
ATER,Attaché temporaire d’enseignement et de recherche
ATESAT,Assistance technique fournie par l'État pour des motifs de solidarité et d'aménagement du territoire.
ATF,Association des Tunisiens de France
ATGC,Aide technique à la gestion communale.
ATI,Allocation temporaire d’invalidité
ATIC,Association technique de l'importation charbonnière
ATIH,Agence Technique d’Information sur l’Hospitalisation
ATIH,Agence technique de l'information sur l'hospitalisation
ATMFC,Assistant Technique En Milieu Familial Et Collectif
ATO,Atelier Thérapeutique Occupationnel
ATOS,"Personnel administratif, technicien, ouvrier et de service"
ATR,Agence territoriale routière.
ATRT,Application de Traitement des Relations Transactionnelles
ATSEM,Agent Territorial Spécialisé des Ecoles Maternelles
ATTRI1,Acte d'engagement - Formulaire pour répondre aux marchés publics (ex formulaire DC3)
ATTRI2,Signature de l’acte spécial présenté au stade du dépôt de l’offre
ATU,Autorisation temporaire d’utilisation
AU,Activité Unité
AUD,Allocation Unique Dégressive
AUDIST,Agence universitaire de documentation et d'information scientifique et technique
AUR,Attitude Universelle de Riposte
AUT,Autorisation d'usage à des fins thérapeutiques
AVC,Accident Vasculaire Cérébral
AVDL,Accompagnement Vers Et Dans Le Logement
AVIP,Atteinte Volontaire à l'Intégrité Physique
AVP,Activité En Vie Pratique
AVP,Etudes d'avant-projet
AVP,Avancement par Voie Professionnelle
AVS,Auxiliaires de vie scolaire
AVTS,Allocation aux vieux travailleurs salariés
AZI,Atlas des zones inondables (prévention du risque inondation).
Afev,Association de la Fondation Etudiante pour la Ville
Agro Paris Tech,Institut des sciences et industries du vivant et de l'environnement
Agro Paris Tech - ENGREF,"École nationale du génie rural, des eaux et des forêts"
Agro-Sup Dijon,"Institut national supérieur des sciences agronomiques, de l'alimentation et de l'environnement"
Agrocampus Ouest,"Institut supérieur des sciences agronomiques, agroalimentaires, horticoles et du paysage"
Anses,"Agence nationale de sécurité sanitaire, de l’alimentation, de l’environnement, et du travail"
Arafer,Direction du transport routier de voyageurs et des autoroutes
BA,Béton armé.
BA,Bouchon Allumeur
BAAC,Bulletin Analyse Accident Corporel
BAB,Bouchons Anti-Bruit
BAC,Brigade Anti-Criminalité
BAC,Bureau Anti-Criminalité ou Brigade Anti-Criminalité
BAFA,Brevet d’Aptitude aux Fonctions d’Animateur
BAFD,Brevet d’aptitude aux fonctions de directeur
BAIP,Bureau d'Aide à l'Insertion Professionnelle
BAL,Base Adresse Locale
BALO,Bulletin des annonces légales obligatoires
BAM,Brevet d'Alpinisme Militaire
BANA,Budget annexe de la navigation aérienne
BAP,Bureau d'Accompagnement des Personnels
BAPAAT,Brevet d’Aptitude Professionnelle d’Assistant Animateur Technicien
BAPSA,Budget annexe des prestations sociales agricoles
BAPU,Bureau d’aide psychologique universitaire
BARPI,Bureau d'analyse des risques et des pollutions industrielles
BAS,Bureau d’aide sociale
BASE,Brevet d’aptitude à l’animation socio-éducative
BASOL,Base de données sur les sites et sols pollués appelant une action des pouvoirs publics à titre préventif ou curatif
BASS,Branche Des Associations Sanitaires Et Sociales
BAU,Bande d'Arrêt d'Urgence
BBA,Bureau du Budget et de l'Administration
BBC,bâtiment basse consommation énergétique
BBD,Bilan Bucco-Dentaire
BCA,Bureau central d'alerte
BCAMP,Bulletin officiel d'annonces des marchés publics.
BCC,Banque centrale de compensation
BCCSMG,Brevet de Chef de Caravane de Secours en Montagne de la Gendarmerie
BCDHM,Brevet de Chef de Détachement Haute Montagne
BCE,Banque centrale européenne.
BCEAO,Banque centrale des États de l'Afrique de l'Ouest
BCMN,Bureau central de mesures nucléaires.
BCOES,Brevet de Chef d'Opération et d'Enquête de Secours
BCR,Bureau communautaire de référence.
BCRD,Budget civil de recherche et de développement technologique
BCUHM,Brevet de Chef d'Unité Haute Montagne
BD ALTI,Banque de données altimétriques numériques de l'IGN
BD CARTO,Banque de données cartographiques de l'IGN
BD TOPO,Banque de données topographiques de l'IGN
BDC,Base de Données et de Comparaison
BDD,Banque de données
BDF,Banque de France.
BDP,Banque Dupuy de Parceval.
BDPA,Bureau pour le développement de la production agricole
BDRIJ,Brigade Départementale de Renseignements et d'Investigations Judiciaires
BDSL,Base De Données Sociales Localisées
BDSP,Banque de Données en Santé Publique
BDSP,Base de Données de Sécurité Publique
BDUF,Big Design Up Front
BE,Bureau d'étude.
BEA,Bureau d'Enquêtes et d'Analyses ou Bail Emphytéotique Administratif
BEAC,Banque des États de l'Afrique centrale
BEAD-TT,Bureau Enquêtes accidents défense transport terrestre
BEAD-air,Bureau Enquêtes accidents défense air
BEAD-mer,Bureau Enquêtes accidents défense mer
BEATEP,Brevet d’État d’Animateur Technicien de l’Education Populaire et de la Jeunesse
BEE,"Bureau européen, de l'environnement."
BEES,Brevet d’État d’Educateur Sportif
BEES,Brevet d’État d'Educateur Sportif
BEGES,Bilan des Émissions de Gaz à Effet de Serre
BEH,Bulletin Epidémiologique Hebdomadaire
BEI,Banque européenne d'investissement
BEJ,Bordereau d'envoi judiciaire
BEL,Bureau Équipement et Logistique
BEM,Brevet Élémentaire Montagne
BENELUX,"Belgique, Nederland, Luxembourg."
BEOTH,Bilan d’Évaluation et d’Orientation Travailleur Handicapé
BEP,Brevet d'études professionnelles
BEPA,Brevet d'études professionnelles agricoles
BEPC,Brevet d'Etudes de Premier Cycle
BEPSS,Brevet d’études professionnelles sanitaires et social
BER,Bassin d'emploi à redynamiser
BER,Boîtier Émission-Réception
BERD,Banque européenne pour la reconstruction et le développement.
BERU,Bureau d'étude et de reconstruction et de développement.
BET,Bureau d'Etudes Techniques
BF,Banque de France.
BFCE,Banque française du commerce extérieur
BFORM,Bureau de la FORMation
BGA,Brevet de Gendarme Adjoint
BGARM,Brigade de Gendarmerie de l'ARmement
BGE,ensemBle pour aGir et Entreprendre(depuis 2010 nouveau nom du réseau des boutiques de gestion)
BGPM,Bureau de la Gestion du Personnel Militaire
BI,Brochure Investigateur
BIAF,Bordereau individuel d’accès à la formation
BIATOSS,"Bibliothécaires, ingénieurs, administratifs, techniciens, ouvriers, de service et de santé"
BIC,Bénéfices industriels et commerciaux
BID,Banque Interaméricaine de Développement
BID,Bénéfice Individuel Direct
BIFC,Bureau de l'Information Financière et Comptable
BIJ,Bureaux d’information jeunesse
BIOP,Bureau pour l'information et l'orientation professionnelle.
BIPA,Banque d'information politique et d'actualité
BIPE,Bureau d'information et de prévisions économiques
BIPM,Bureau international des poids et mesures.
BIRD,Banque internationale pour la reconstruction et le développement.
BIT,Bureau international du travail
BK,Bacille De Koch
BL2S,Bureau Logistique du soutien en service
BLAT,Bureau de la Lutte Anti-Terrorisme
BMA,Brevet des métiers d’art
BMC,Brevet Militaire de Conduite
BMN,Bulletin météorologique national.
BMO,Brigade MOtorisée
BMPM,Brigade des Marins Pompiers de Marseille
BMR,Bactéries Multi-Résistantes
BN,Bureau national.
BN,Brigade Nautique
BNCI,Banque nationale pour le commerce et l'industrie.
BNF,Bibliothèque nationale de France
BNM,Bureau national de métrologie
BNPS,Brevet national de pisteur secouriste
BNS,Brevet National Secourisme
BNSSA,Brevet national de sécurité et de sauvetage aquatique
BO,Bulletin Officiel.
BOAMP,Bulletin Officiel d’Annonces des Marchés Publics
BOCC,Bulletin Officiel de la Concurrence et de la Consommation
BOCCRF,"Bulletin Officiel de la Concurrence, de la Consommation et de la Répression des Fraudes"
BOE,Bureau Opération Emploi
BOEN,Bulletin officiel de l’Education nationale
BOI,Bulletin officiel des impôts.
BOMES,Bulletin Officiel du Ministére des affaires sociales
BOP,Budget opérationnel de programme
BOS,Brigade d'Observation et de Surveillance
BOSP,Bulletin Officiel du Service des Prix
BP,Banque populaire.
BP,Brevet professionnel
BP,Budget primitif.
BP,Brigade de Proximité
BPA,Brevet professionnel agricole
BPC,Bonnes Pratiques Cliniques
BPCE,Groupe Banque Populaire Caisses d’Épargne
BPCO,Broncho Pneumopathie Chronique Obstructive
BPCO,Bureau de la Performance et de la Cohérence Opérationnelle
BPDJ,Brigade de Prévention de la Délinquance Juvénile
BPF,Bonnes Pratiques de Fabrication
BPF,Brigade de Protection des Familles
BPI,Bibliothèque publique d'information (Centre Pompidou)
BPI,Bibliothèque publique d'information
BPIA,Base pétrolière interarmées
BPJ,Bureau de la Police Judiciaire
BPJEPS,"Brevet professionnel de la jeunesse, de l’éducation populaire et du sport"
BPL,Bonnes Pratiques de Laboratoires
BPM,Brigade de protection des mineurs
BPO,Bureau Personnel Officier
BPP,Bonnes Pratiques de Pharmacovigilange
BPPFI,Bureau de la Préparation et du Pilotage du Fonctionnement et de l'Investissement
BPPL,Bâton de Protection à Poignée Latérale
BPPPB,"Bureau de la Planification, de la Programmation et de la Préparation du Budget"
BPR,Bureau des Personnels du Rectorat
BPRM,Bureau des Personnels de la Réserve Militaire
BPS,Banque de programmes et de services (télévision)
BPS,Browning Pump Shotgun
BPSOGV,Bureau Personnel Sous-Officier de Gendarmerie et Volontaire
BPT,Bâton de Protection Télescopique
BPU,Bordereau de Prix Unitaires
BR,Brigade de Recherche
BRAM,Bulletin régional d'alerte météorologique
BRCE,"Bureau du Recrutement, des Concours et des Examens"
BRGM,Bureau de recherches géologiques et minières
BRHAG,Bureau des ressources humaines et des affaires générales
BRI,Brigade Rapide d'Intervention
BRIST,Bureau régional d'information scientifique et technique
BRPF,Bureau des Recours et de la Protection Fonctionnelle
BRQ,Bulletin de Renseignement Quotidien
BS,Bulletin de Service
BSA,Bons de souscription d'actions
BSAM,Brevet de Skieur et d'Alpinisme Militaire
BSD,Bordereau de suivi de déchets
BSIC,Bureau Système Informatique et Communication
BSL,Brigade de Surveillance du Littoral
BSM,Brevet de Skieur Militaire
BSP,Brigade de sapeurs pompiers.
BSPP,Brigade des Sapeurs Pompiers de Paris
BSPSR,Bureau Sécurité Publique Sécurité Routière
BSRFMS,Bureau Sécurité Routière Formation Moyens Spécialisés
BSS,Brevet Supérieur de Spécialiste
BT,Basse tension
BT,Brigade Territoriale
BTA,Brigade Territoriale Autonome
BTAN,Bon du Trésor à taux annuel normalisé
BTF,Bons à taux fixe
BTM,Brevet technique des métiers
BTP,Bâtiment et travaux publics
BTP,Brigade Territoriale de Proximité
BTS,Brevet de technicien supérieur
BTSA,brevet de technicien supérieur agricole
BTT,Budget temps de transport.
BUL,Bureau Unique Logement
BUMIDOM,Bureau des migrations pour les départements d'outre-mer
BUT,Bon Unique de Transport
BVO,Bureau de Veille Opérationnelle
BVP,Bureau de vérification de la publicité.
BVQI,Bureau Veritas Quality international
Bordeaux Sciences Agro,École nationale des sciences agronomiques de Bordeaux - Aquitaine
C2SD,Centre d'études en sciences sociales de la défense
CA,Chiffre d’affaire
CA,Communauté d’Agglomération
CA,Conseil d'administration.
CA,Contrat d'avenir
CA,Contrat d’Agglomération
CA,Cour d’appel
CA,Crédit agricole.
CA,Cour d’appel.
CAA,Cessation anticipée d’activité
CAA,Cour administrative d'appel.
CAA,Centre d'Audit des Armées
CAAPSAIS,Certificat d’Aptitude aux Actions Pédagogiques Spécialisées d’Adaptation et d’Intégration Scolaires
CAARUD,Centre d'accueil et d'accompagnement à la réduction des risques pour les usagers de drogues
CAC,Commissaire aux comptes.
CAC,Conseil africain de la comptabilité
CAC,Convention sur les armes chimiques (et leur destruction)
CAC,Cotation assistée en continu (CAC40)
CACES,Certificat d’aptitude à la conduite des engins en sécurité
CACIR,Centre Automatisé de Constatation des Infractions Routières
CACOM,Caisse de consolidation et de mobilisation des crédits à moyen terme
CACT,Commission d'amélioration des conditions de travail
CAD,Centre Anti-Douleur
CAD,Comité d'aide au développement.
CAD,Contrat d'agriculture durable
CADA,Centre d'accueil des demandeurs d'asile
CADA,Commission d'accès aux documents administratifs
CADES,Caisse d'amortissement de la dette sociale
CADIST,Centre d'acquisition et de diffusion de l'information scientifique et technique
CAE,Comptabilité Analytique d’Exploitation
CAE,Contrat d'accompagnement dans l'emploi
CAE,Contrat d’aide à l’emploi
CAE,Conseil d'analyse économique
CAECL,Caisse d'aide à l'équipement des collectivités locales
CAEO,Commission d’Aide a l’Evaluation et a l’Orientation
CAF,Caisse d'allocations familiales.
CAF,Chef Appui Feu
CAFA,Centre Académique de Formation Administrative
CAFAD,Certificat d’aptitude aux fonctions d’aide à domicile
CAFAMP,Certificat d’Aptitude aux Fonctions d’Aide Médico-Psychologique
CAFDES,Certificat d’aptitude aux fonctions de directeur d’établissement social
CAFERUIS,Certificat d’aptitude aux fonctions d’encadrement et de responsable d’unité d’intervention sociale
CAFETS,Certificat d’aptitude aux Fonctions d’Educateur Technique specialise
CAFME,Certificat d’aptitude aux fonctions de moniteur éducateur
CAFS,"Centre d’Accueil Familial Spécialisé (ils sont annexés à un IR, un IME..)"
CAFZ,Centre Administratif et Financier Zonal
CAFZ,Centre Administratif Financier Zonal
CAG,Code Annexe Gestion
CAHP,Centrale d’Achat de l’Hospitalisation Privée
CAJ,Centre d’Activité de Jour
CALO,Commission d'attribution des logements
CAM,Centre d'aviation météorologique
CAMAF,Comité d’aide aux migrants âgés
CAMARCA,Caisse Assurance Mutuelle Autonome de RetraitesComplémentaires Agricoles
CAMPS,Centre d’Aide Médico Psychologique
CAMS,Centres D’accueil Médico Sociaux
CAMSP,Centre d’action médicosociale précoce
CAMU,Capacité de MEdecine d’Urgence
CANAM,Caisse nationale d'assurance maladie des professions indépendantes
CANCAVA,Caisse autonome nationale de compensation de l'assurance vieillesse des artisans
CANTOU,Centre D’animation Naturelle Tirée D’occupations Utiles
CAO,Commission d'Appel d'Offres
CAO,Conception assistée par ordinateur
CAP,Certificat d'aptitude professionnelle
CAP,Commission administrative paritaire
CAP,Carnet À Points
CAP,Commission d’application des peines.
CAPA,Caisse d'amortissement pour l'acier
CAPA,Cité de l’architecture et du patrimoine
CAPASH,"Certificat d’Aptitude Professionnelle pour les Aides Spécialisées, les Enseignements Adaptés et la Scolarisation des élèves en situation de Handicap"
CAPD,Commission Administrative Paritaire Départementale
CAPE,Certificat d’Aptitude au Professorat des Ecoles
CAPEG,Certificat d'Aptitude à la Pratique Équestre en Gendarmerie
CAPEPS,Certificat d'aptitude au professorat d'éducation physique et sportive
CAPES,Certificat d'aptitude pédagogique à l'enseignement secondaire
CAPET,Certificat d'aptitude au professorat d'enseignement technique
CAPL,Commission Administrative Paritaire Locale
CAPLP2,Certificat d’Aptitude au Professorat de Lycée Professionnel 2ème grade
CAPM,Centre des archives du personnel militaire
CAPS,Centre d’Accueil et de Permanence de Soins
CAPSSA,Caisse de prévoyance des agents de la Sécurité Sociale
CAPT,Centre Anti-Poisons et de Toxicovigilance
CAR,Comité de l'administration régionale
CAR,Compte Administratif Retraité
CAR,Conférence administrative régionale
CAR,Contrat d'animation rurale
CARIP,Cellule d'analyse des risques et d'information préventive
CARPA,Caisse autonome des règlements pécuniaires des avocats
CARSAT,Caisse d’assurance retraite et de la santé au travail (Nouveau nom des CRAM depuis juillet 2010)
CAS,Centre d’analyse stratégique
CAS,Circonscription d’Action Sociale
CAS,Contradictoire à signifier.
CASD,Centre d'accès sécurisé distant aux données
CASF,Code de l’action sociale et des familles
CASNAV,Centre Académique pour la Scolarisation des Nouveaux Arrivants et des enfants du Voyage
CASODOM,Comité d'action sociale en faveur des originaires des départements d'outre-mer en métropole
CASS,Commission des Affaires Sanitaires et Sociales
CASSPA,Centre d’animation de soins et services pour personnes agées
CASTOR,Cellule d’Appui et de Soutien Technique aux Organismes du Réseau (CPAM)
CASU,Commission d’action sociale d’Urgence
CASU,Conseiller d’Administration Scolaire et Universitaire
CAT,Centre d'aide par le travail
CAT,Confédération Autonome du Travail (syndicat)
CAT,Certificat d'Aptitude Technique
CATNAT,Catastrophe naturelle.
CATP,Comportement Portant Atteinte à la Tranquillité Publique
CATSA,Centre D’accueil Thérapeutique Spécifique à L’autisme
CATTP,Centre d’Accueil Thérapeutique à Temps Partiel
CAUE,"Conseil d'architecture, d'urbanisme et de l'environnement"
CAUE,"Conseil d'architecture, d'urbanisme et de l'environnement."
CAV,Contrat d’avenir
CAVA,Centre d’adaptation à la vie active
CAVIMAC,Caisse D’assurance Vieillesse Invalidité Et Maladie Des Cultes
CAVL,Conseil Académique de la Vie Lycéenne
CB,Comité de biovigilance
CB,Commandant de Brigade
CBC,Congé de bilan de compétences
CBCM,Contrôleur Budgétaire et Comptable Ministériel
CBN,Conservatoire botanique national.
CBP,Contrat de Bonnes Pratiques
CBPA,Code de bonne pratique agricole.
CBR,Commandant de Brigade de Recherches
CBU,Contrat de Bon Usage
CC,Communauté de commune
CC,Conseiller Coordination
CCA,Cadre communautaire d’appui
CCA,Certificat de capacité d’ambulancier
CCAA,Centre de Cure Ambulatoire en Alcoologie
CCAF,Commission communale d'aménagement foncier.
CCAG,Cahier des clauses administratives générales
CCAG Tx,Cahier des Clauses Administratives Générales applicables aux marchés publics de travaux CCAG Travaux
CCAG-TIC,CCAG applicables aux Techniques de l’Information et de la Communication
CCAGFCS,CCAG applicables aux marchés publics de Fournitures Courantes et de Services.
CCAGMI,CCAG applicables aux Marchés publics Industriels
CCAGPI,CCAG applicables aux marchés publics de prestations intellectuelles
CCAH,Comité national de coordination de l’action en faveur des personnes handicapées
CCAM,Classification commune des actes médicaux
CCAMIP,"Commission de contrôle des assurances, des mutuelles et des institutions de prévoyance"
CCAP,Cahier des clauses administratives particulières
CCAPEX,Commission spécialisée de Coordination Des Actions De Prévention Des Expulsions Locatives
CCAS,Centre communal d'action sociale
CCAS,Commission centrale d'aide sociale (Greffe)
CCATP,Cahiers des clauses administratives et techniques particulières.
CCB,Commandant de Communauté de Brigade
CCDHM,Certificat de Chef de Détachement Haute Montagne
CCE,Commission des communautés européennes.
CCE,Certificat de Condition d'Exercice
CCE07,Compagnie des commissaires enquêteurs Ardechoise
CCEB,Compagnie des commissaires enquêteurs de Bretagne
CCEBA,Compagnie des commissaires enquêteurs de Bordeaux Aquitaine
CCEBO,Compagnie des commissaires enquêteurs de Bourgogne
CCEC,Commission consultative d'évaluation des charges
CCED,Commission de conciliation et d'expertise douanière
CCEE,Commission des comptes et de l'économie de l'environnement.
CCES,Commission de circonscription d’éducation spéciale
CCF,conseil conjugal et familial
CCFCMNRBC,Centre Commun de Formation Civilo-Militaire Nucléaire Radiologique Bactériologique et Chimique
CCFD,Comité catholique contre la faim et pour le développement
CCFF,Comité communal des feux de forêts
CCFP,Conseil commun de la fonction publique
CCH,Code de la construction et de l'habitat.
CCHS,Comité central d'hygiène et sécurité.
CCI,Centre de création industrielle (Centre Pompidou)
CCI,Chambres de commerce et d'industrie
CCI,Chambre de commerce internationale.
CCI,Comité de coopération industrielle.
CCIG,Comité de Coordination de l'Information Géographique
CCISM,Chambre consulaire interprofessionnelle de Saint-Martin
CCLIN,Comité de Coordination de Lutte contre les Infections Nosocomiales
CCM,Commission Centrale des Marchés
CCMOSS,Commission Consultative des Marchés des Organismes de Sécurité Sociale
CCMP,Commission consultative des marchés publics (Voir : CMPE)
CCMSA,Caisse Centrale de Mutualité Sociale Agricole (voir MSA)
CCMSA,Caisses centrales de Mutualité sociale agricole
CCNE,Comité consultatif national d'éthique
CCO,Certificat de capacité d’orthophoniste
CCOL,Comité de coordination sur la couche d'ozone (PNUE).
CCP,Cahier des Clauses Particulières
CCP,Code de la Commande Publique
CCPE,Commission de Circonscription Pré-élémentaire et Elémentaire
CCPG,Contrôle de la Condition Physique Générale
CCPL,Commission Conventionnelle Paritaire Locale
CCPM,Contrôle de la Condition Physique et Militaire
CCPMA,CaisseCentrale de Prévoyance Mutuelle Agricole
CCPN,Commission Conventionnelle Paritaire Nationale
CCPRRB,Comité consultatif de protection des personnes se prêtant aux recherches biomédicales
CCPS,Contrôle de la Condition Physique Spécifique
CCRA,Comités Consultatifs de Règlement Amiable
CCRAD,Comité consultatif pour la répression des abus de droit
CCREFP,Comité de coordination régionale de l'emploi et de la formation professionnelle
CCS,Carte de Circulation Sécurisée
CCSC,Comités Consultatifs de Règlement Amiable
CCSD,Commission de Circonscription du Second Degré
CCSDN,Commission consultative du secret de la défense nationale
CCSS,Commission des Comptes de la Sécurité Sociale
CCTG,Cahier des Clauses Techniques Générales
CCTIRS,Cotit Consultatif sur les Traitements de l’Information en matirée de Recherche dans le domaine de la Santé
CCTP,Cahier des Clauses Techniques Particulières
CCTU,Cahiers des clauses techniques unifiées.
CCUHM,Certificat de Chef d'Unité Haute Montagne
CD,Chambre détachée
CD,Chef de Département
CDA,Commission des Droits et de l’Autonomie 
CDA,Communauté d'agglomération.
CDAC,Commission départementale d'aménagement commercial
CDAF,Commission départementale d'aménagement foncier.
CDAM,Catalogue Des Actes Médicaux
CDAPH,Commission des droits et de l’autonomie des personnes handicapées
CDAR,Catalogue Des Activités De Rééducation Et De Réadaptation
CDAS,Centres Départementaux D’action Sociale
CDBF,Cour de Discipline Budgétaire et Financière
CDC,Caisse des dépôts et consignations
CDC,Center for Disease Control and Prevention (États-Unis)
CDC,Communauté de communes
CDCA,Comité de défense des commerçants et artisans
CDCFS,Commission départementale de la chasse et de la faune sauvage
CDCI,Commission départementale de la coopération intercommunale
CDCPH,Conseil Départemental Consultatif des Personnes Handicapées
CDD,Commission du développement durable (ONU).
CDD,Contrat à durée déterminée
CDDP,Centre Départemental de Documentation Pédagogique
CDE,Centre de documentation européenne
CDE,Centre Départemental De L’enfance.
CDEC,Commission départementale d'équipement commercial
CDEF,Centre de doctrine d'emploi des forces
CDEFI,Conférence des directeurs des écoles françaises d'ingénieurs
CDES,Commission départementale d’éducation spécialisée
CDESI,Commission départementale des espaces sites et itinéraires de pleine nature
CDET,Chargés de Développement de l’Emploi et des Territoires
CDFA,Centre de Formation de l’Administration
CDG,Centre de gestion
CDG,Centre de gestion
CDG,Centre De Gestion (de la Fonction Publique Territoriale)
CDH,Conseil départemental d'hygiène.
CDH,Conseil départemental de l’habitat
CDHAR,Comité départemental d'habitat et d'aménagement rural.
CDHR,Comité départemental d'habitat rural.
CDI,Centre de documentation et d'information
CDI,Chambre D’Isolement
CDI,Commission Départementale d’Insertion
CDI,Contrat à durée indéterminée
CDIA,Centre de documentation et d'information de l'assurance
CDIAE,Conseil Départemental d’Insertion par l’Activité Economique
CDIG,Comité départemental de l'information géographique
CDIG,Comité national de l'information géographique
CDIPH,Commission des Droits et de l’Intégration des Personnes Handicapées
CDN,Content Delivery Network
CDNPS,commission départementale de la nature des paysages et des sites
CDOA,Commission départementale d'orientation de l'agriculture
CDOM,Conseil Départemental de l’Ordre des Médecins
CDOP,Conseil départemental de l’ordre de Pharmaciens
CDP,Commandant De Peloton
CDPA,Comités départementaux de prévention de l’alcoolisme
CDPAT,Comité départementaux de prévention de l’alcoolisme et du tabagisme (voir aussi CDPA)
CDR,Comité de régions.
CDR,Conseil d'orientation des retraites
CDS,Chef De Service
CDS,Commission départementale des sites.
CDSE,Chef De Service Educatif
CDSEI,Comité du dialogue social pour les question européennes et internationales (DAEI)
CDSM,Conseil Départemental d’Action Sociale
CDSN,Conseil de défense et de sécurité nationale
CDSS,Caisse départementale de la sécurité sociale.
CDT,Comité départemental du tourisme
CDU,Centre de documentation de l'urbanisme.
CDUE,Commandant D'Unité Élémentaire
CDV,Communauté de villes
CE,Comité d’Entreprise
CE,Communauté Européenne
CE,Conseil d'État
CE,Conseil de l'Europe
CEA,Commissariat à l'énergie atomique
CEA,Conduite en État Alcoolique
CEA,Commissariat à l'énergie atomique et aux énergies alternatives
CEAM,Centre d'expériences aériennes militaires
CEAS,Centre d’études et d’action sociale
CEC,Centre Européen des consommateurs
CEC,Contrat emplois consolidés
CECA,Communauté européenne du charbon et de l'acier
CECOS,Centres d'études et de conservation du sperme
CECRSP,Comité d'enquête sur le coût et le rendement des services publics
CED,Communauté européenne de défense.
CED,Centre d'Études et de Documentation
CEDAG,Comité Européen Des Associations D’intérêt Général
CEDEFOP,Centre européen pour le développement de la formation professionnelle
CEDH,Cour européenne des droits de l’homme
CEDH,Convention européenne de sauvegarde des droits de l’homme et des libertés
CEDH,Convention (ou Cour) Européenne des Droits de l'Homme
CEDI,Centre d’échanges de données interdépartementales
CEDIAS,"Comité d’études, de documentation, d’information et d’actions sociales"
CEDIMAT,Centre d'études et de développements informatiques du matériel de l'armée de terre
CEDIN,Centre de droit international
CEDIP,"Centre d'évaluation, de documentation et d'innovation pédagogiques"
CEDIS,Centre départemental de l’insertion sociale
CEDRE,Centre européen de développement régional.
CEDUCEE,Centre d’études et de documentation sur l’Asie et les pays de l’Est
CEE,Centre d’études de l’emploi
CEE,Certificats d'économie d'énergie
CEE,Communauté économique européenne
CEEA,Communauté européenne de l'énergie atomique (Euratom)
CEEMS,Certificat d’Équipier Enquêteur en Milieu Souterrain
CEESC,Commission d'évaluation de l'écotoxicité des substances chimiques
CEF,Centre Educatif Fermé
CEFAC,Centre de formation des assistants techniques du commerce et des consultants
CEFEO,CErtificat de Formation à l'Encadrement Opérationnel
CEFISEM,Centre de formation et d’information pour la scolarisation d’enfants de migrants
CEGN,Commandement des Écoles de la Gendarmerie Nationale
CEI,Commission Electrotechnique Internationale
CEI,Communauté des États indépendants.
CEL,Conservatoire de l'espace littoral
CELRL,Conservatoire de l'espace littoral et rivages lacustres
CELTIF,CELlule de Lutte contre le Travail Irrégulier et la Fraude
CEM,Centre d’éducation motrice
CEM,Certificat Élémentaire Montagne
CEMAGRE,"Centre national du machinisme agricole, du génie rural et des eaux et forêts."
CEMAGREF,"Centre national du machinisme agricole, du génie rural et des eaux et forêts"
CEMEC,Centre européen de médecine des catastrophes
CEMS,Centre d’étude des mouvements sociaux
CEMT,Conférence européenne des ministres des transports.
CEN,Centre d'étude nucléaire.
CEN,Comité Européen de Normalisation
CEN,Conseiller de l’Education Nationale
CEN,Centre d'études de la neige
CENAC,Cellule Nationale Avoirs Criminels
CENCEP,Centre national des caisses d'épargne et de prévoyance
CENECA,Centre national des expositions et concours agricoles
CENELEC,Comité Européen de Normalisation ELECtrotechnique (Voir : organismes de normalisation)
CENGEPS,Centre National de Gestions des Essais de Produits de Santé
CEO,Centre d'études d'opinion
CEP,Centre d'expérimentation nucléaire du Pacifique
CEP,Conseil en évolution professionnelle
CEP,Contrat d’études prospectives
CEPAM,Centre d'études et de perfectionnement de l'artisanat et des métiers
CEPCMAF,"Conférence Européenne Permanente Des Coopératives, Mutualités, Associations Et Fondations (connue sous le nom de Social Economy Europe)"
CEPD,Contrôleur européen de la protection des données
CEPE,Centre d'études des programmes économiques
CEPIAH,Comité d’études pour la promotion des initiatives alternatives pour les personnes handicapées
CEPII,Centre d'études prospectives et d'informations internationales
CEPME,Crédit d'équipement aux petites et moyennes entreprises
CEPP,Commission d’Evaluation des Produits et des Prestations
CEPREMAP,Centre pour la recherche économique et ses applications
CEPRI,Centre européen de prévention du risque d'inondation.
CEPS,Comité économique des produits de santé
CEPS,Conduite sous l'Emprise de Produits Stupéfiants
CER,Centres éducatifs renforcés
CERAC,Cellule Régionale Avoirs Criminels
CERAH,Centre d'étude et de recherche sur l'appareillage des handicapés
CERAH,Centre d'études et de recherche sur l'appareillage des handicapés
CERBE,Centre de recherche sur le bien-être
CERC,Centre d’Etude des Revenus et des Coûts
CERD,Comité européen de la recherche et du développement.
CEREMA,"Centre d'études et d'expertise sur les risques, l'environnement, la mobilité et l'aménagement"
CEREQ,Centre d’études et de recherches sur les qualifications
CEREVE,Centre d'enseignement et de recherche Eau Ville Environnement
CEREVE,Centre d’Étude et de Recherche sur l’Économie de la Ville et de l’Espace
CERFA,Centre d’enregistrement et de révision des formulaires administratifs
CERFI,"Centre d’étude, de recherche et de formation institutionnelles"
CERIMES,Centre de ressources et d'information sur les multimédias pour l'enseignement supérieur
CERN,Centre européen de recherches nucléaires
CERN,Organisation européenne pour la recherche nucléaire
CERQUA,Centre de développement des certifications des qualités agricoles et alimentaires
CERTU,"Centre d'étude sur les réseaux, les transports, l'urbanisme et les constructions publiques."
CERVL,Centre d'étude et de recherche sur la vie locale
CES,Coefficient d'emprise au sol.
CES,Collège d'enseignement secondaire
CES,Contrat emploi-solidarité
CES,Conseil économique et social
CES,Contrat Emploi Solidarité
CESADA,Code de l'Entrée et du Séjour des Étrangers et du Droit d'Asile
CESAP,"Comité d’études, de soins et d’action permanente en faveur des déficients mentaux"
CESAT,Collège de l'enseignement supérieur de l'armée de terre
CESC,Comité D’éducation à La Santé Et à La Citoyenneté
CESDIP,Centre de recherches sociologiques sur le droit et les institutions pénales
CESE,Comité économique et social européen.
CESE,Comité Économique Social et Environnemental
CESE,"Conseil économique, social et environnemental"
CESEDA,Code de l'entrée et du séjour des étrangers et du droit d'asile
CESF,Conseiller en économie sociale et familiale
CESM,Centre d'études supérieures de la marine
CESP,Centre d'étude des supports de publicité
CESR,Conseils économiques et sociaux régionaux
CESTA,Centre d'études des systèmes et des technologies avancées
CESU,Centre d’Enseignement des Soins d’Urgence
CESU,Chèque emploi service universel
CESU,Chèque emploi service universel
CET,Centre d'enfouissement technique
CET,Collège d'enseignement technique
CET,Compte épargne temps
CET,Contribution Économique Territoriale
CET,Contribution exceptionnelle et temporaire
CETA,Centre d'étude des techniques agricoles.
CETAF,Centre technique d’appui et de formation des centres d’examen de santé
CETB,Centre d'expertises techniques du bâtiment
CETE,Centre d'études techniques de l'équipement.
CETI,Cabinet d'expertises techniques immobilières
CETIR,Centre européen des technologies de l'information en milieu rural
CETPE,Chèque emploi pour les très petites entreprises
CETU,Centre d'études des tunnels
CEZAR,Contrôle d'Entrée en Zone d'Accès Restreint
CF,Courants Faibles
CFA,Centre de formation d'apprentis
CFA,Congé de fin d’activité
CFA,Centre de Formation et d'Aprentissage
CFAGN,Commandement des Forces Aériennes de Gendarmerie Nationale
CFAO,Conception et fabrication assistées par ordinateur
CFARPG,Confédération Française d'Associations de Retraités et de Pensionnés de la Gendarmerie
CFAS,Centre de Formation d’Apprentis Spécialisé
CFBR,Comité Français des barrages et réservoirs
CFC,Conseiller en Formation Continue
CFCA,Confédération française de la coopération agricole
CFCE,Centre français du commerce extérieur
CFDD,Conseil fédéral du développement durable.
CFDT,Confédération française démocratique du travail
CFDT,Confédération française des travailleurs
CFDU,Conseil français des urbanistes.
CFE,centre de formalité des entreprises
CFE,Comptabilité Et Finance D’entreprise
CFE,Cotisation foncière des entreprises
CFE-CGC,Confédération française de l'encadrement - Confédération générale des cadres
CFES,Comité français d’éducation pour la santé
CFGB,Comité Français des grands barrages
CFHE,Conseil français des personnes handicapées pour les questions européennes
CFI,Crédit formation individualisé
CFL,Comité des finances locales
CFM,Championnat de France Militaire
CFMG,Conseil de la Fonction Militaire de la Gendarmerie
CFP,Compagnie française des pétroles
CFP,Concours Force Publique
CFP,Congé de formation professionnelle
CFPC,Centre de formation des personnels communaux
CFPET,Centre de Formation des Professeurs de l’Enseignement Technique
CFPI,Commission de la fonction publique internationale
CFPPA,Centre de Formation Professionnelle et de Promotion Agricoles
CFTA,Centre de formation de techniciens agricoles
CFTC,Confédération française des travailleurs chrétiens
CFTS,Centre de Formation au Travail social (ou de Travailleurs Sociaux)
CG,Conseil Général
CGA,Centre de gestion Agrée.
CGA,Centre de gestion agréé
CGA,Centre de gestion agréé
CGAAER,"Conseil général de l'alimentation, de l'agriculture et des espaces ruraux"
CGB,Commission d'étude de la dissémination des produits issus du génie biomoléculaire
CGC,Confédération française de l'encadrement
CGCT,Code Général des Collectivités Territoriales
CGCT,Compagnie générale de construction téléphonique
CGD,Compagnie de Gendarmerie Départementale
CGDD,Commissariat général au développement durable
CGE,Compagnie générale d'électricité
CGE,Conférence des grandes écoles
CGEDD,Conseil Général de l’Environnement et du Développement Durable
CGEF,Contrôle général économique et financier
CGEIET,"Conseil général de l'économie, de l'industrie, de l'énergie et des technologies"
CGET,Commissariat général à l'égalité des territoires
CGG,Commission du génie génétique
CGGREF,"Conseil général du génie rural, des eaux et des forêts."
CGI,Code général des impôts
CGI,Commissariat général à l'investissement
CGLLS,Caisse de garantie du logement locatif social
CGLPL,Contrôleur Général des Lieux de Privation de Liberté
CGLS,Caisse de garantie du logement social
CGMAR,Commandant de la Gendarmerie MARitime
CGOM,Commandant de la Gendarmerie d'Outre-Mer
CGP,Commissariat général du plan.
CGPC,Conseil général des ponts et chaussées
CGPM,Commission générale des pêches pour la Méditerranée
CGPME,Confédération générale des petites et moyennes entreprises
CGSCOP,Confédération Générale Des Scop
CGSS,Caisse Générale de sécurité Sociale
CGT,Confédération générale du travail
CGT-FO,Confédération générale du travail-Force ouvrière
CGTI,Conseil général des technologies de l'information
CH,Centre hospitalier
CHA,Centre d’hygiène alimentaire voir aussi ( CHAA)
CHAA,Centre d’hygiène alimentaire et d’alcoologie
CHAIE,Comité d'harmonisation de l'audit interne de l'Etat
CHAP,Chambre d’application des peines (Cour d’appel).
CHD,Centre Hospitalier Départemental
CHEAR,Centre des hautes études de l'armement
CHG,Centre hospitalier général
CHR,Centre hospitalier régional
CHRS,Centre d'hébergement et de réinsertion sociale
CHRS,Centre d’Hébergement et de réadaptation sociale
CHRU,Centre hospitalier régional universitaire.
CHS,Centre hospitalier spécialisé
CHS,Comité hygiène et sécurité
CHS,Commission d'hygiène et sécurité.
CHSC,Comité hygiène et sécurité central
CHSCT,"Comité d'hygiène, de sécurité et des conditions de travail"
CHSD,Comité d'hygiène et sécurité départemental.
CHSLD,Centre d’Hébergement Et De Soins De Longue Durée
CHSM,Comité hygiène et sécurité ministériel
CHU,Centre D’hébergement D’urgence
CHU,Centre hospitalier universitaire
CI,Chambre d’Isolement
CI,Comparution immédiate.
CI-RMA,Contrat insertion - Revenu minimum d'activité
CIAA,Comité interministériel de l'agriculture et de l'alimentation (Secrétariat du)
CIACT,Comité interministériel d'aménagement et de compétitivité du territoire.
CIAD,Centre d’Information et d’Accueil Départemental
CIADT,Comité interministériel d'aménagement et de développement du territoire
CIALA,Secrétariat général de la Commission interministérielle d’aide à la localisation des activités
CIANE,Comité interministériel d'aménagement de la nature et de l'environnement.
CIAPT,Certificat d'Initiation et d'Aptitude au Tir
CIAS,Centre intercommunal d'action sociale
CIAS,Centre intercommunale d’action sociale
CIAT,Comité interministériel pour l'aménagement du territoire
CIBC,Centres interministériels de bilans de compétences
CIC,Centre d’Investigation Clinique
CIC,Cellule d'Investigation Criminelle
CICAS,Centre d’information et de coordination de l’action sociale (des régimes de retraite)
CICAT,Centre d’information et de conseil sur les aides techniques
CICC,Commission interministérielle de coordination des contrôles portant sur les opérations cofinancées par les fonds européens
CICID,Comité interministériel de la coopération internationale et du développement
CICR,Comité international de la Croix-Rouge
CIDAR,Comité interministériel de développement et d'aménagement rural
CIDB,Centre d'information et de documentation sur le bruit.
CIDCE,Centre international de droit comparé de l'environnement
CIDD,Comité interministériel du développement durable.
CIDDIST,Centre d’Information de Dépistage et de Diagnostic des Infections Sexuellement Transmissibles
CIDE,Convention Internationale Des Droits De L’enfant
CIDFF,Centre d’Information des Droits des Femmes et de la Famille
CIDISE,Comité interministériel pour le développement des investissements et le soutien de l'emploi
CIDJ,Centre d’information et de documentation de la jeunesse
CIDOL,Comité interministériel pour le développement de l’offre de logements
CIDOL,Comité interministériel pour le développement de l'offre de logement (Secrétariat)
CIE,Contrat initiative emploi
CIEC,Commission internationale de l'état-civil
CIEC,Centre d'Instruction Élémentaire de Conduite
CIEDE,Centre d'information sur l'énergie durable et l'environnement.
CIEEMG,Commission Interministérielle pour l'Étude des Exportations de Materiels de Guerre
CIELE,Centre d'information sur l'énergie et l'environnement
CIEM,Conseil international pour l'exploitation de la mer.
CIEP,Centre international d’études pédagogiques
CIEPE,Centre d'information environnement pour les entreprises
CIET,Comité interministériel des villes
CIF,"Classification internationale du Fonctionnement, du handicap et de la santé"
CIF,Coefficient d'intégration fiscale
CIF,Congé Individuel de Formation
CIFA,Contrat installation formation artisanale
CIFAD,Centre interministériel de formation antidrogues
CIFIA,Comité interministériel de financement des industries agro-alimentaires
CIFRE,Convention industrielle de formation par la recherche
CIG,Centre interdépartemental de gestion
CIH,Classification Internationale Des Handicaps (voir aussi CIF qui a été adoptée depuis 2001)
CIH,Comité interministériel du handicap
CII,Comité interministériel à l’intégration
CII,Compagnie internationale pour l'informatique
CIIS,Centre d’information sur les innovations sociales
CIJ,Cour internationale de justice
CIJAP,Cellule d'Information Juridique aux Acheteurs Publics de Lyon
CIL,Comité d’intérêt local
CIL,Comités interprofessionnels du logement
CILE,Centre international de liaison pour l'environnement.
CILE,Comité interministériel de lutte contre l’exclusion
CILF,Conseil international de la Langue française
CILPI,Commission interministérielle pour le logement des populations immigrées (Secrétariat)
CILPI,Commission interministérielle pour le logement des populations immigrés
CIM,Comité d’Information Médicale
CIM-10,Classification internationale des maladies-10e révision
CIO,Centres d'information et d'orientation
CIO,Comité international olympique
CIP,Club Inter Pharmaceutique
CIP,Conseiller en insertion professionnelle
CIP,Commission Internationale Permanente ou Cellule Intervention Professionnelle
CIPA,Cycle d’Insertion Professionnelle par Alternance
CIPD,Comité Interministérielle de Prévention de la Délinquance
CIPE,Comité interministériel pour la promotion de l'emploi
CIPPA,Cycle d’Insertion Professionnelle Par Alternance
CIPR,Commission internationale pour la protection du Rhin
CIPRNM,Comité interministériel de prévention des risques naturels majeurs.
CIR,Centre d'information routière.
CIR,Centre d’information sur la retraite
CIR,Centre d'Information et de Recrutement
CIRA,Centre interministériel de renseignements administratifs
CIRAD,Centre de coopération internationale en recherche agronomique pour le développement
CIRC,Centre d’incitation à la Recherche Clinique
CIRCE,Centre interservices pour la recherche documentaire des communautés européennes.
CIRCIA,Caisse interprofessionnelle de retraite des cadres de l’industrie et assimilés
CIRCOSC,Centre interrégional de coordination des opérations de sécurité civile
CIRD,Comité interservices pour la recherche et le développement.
CIRDD,Centre d’Information et de Ressources sur les Drogues et les Dépendances
CIRDI,Centre international pour le règlement des différends relatifs aux investissements
CIRE,Cellules Inter Régionales D’épidémiologie (voir aussi INVS)
CIRED,Centre international de recherches sur l'environnement et le développement.
CIRI,Comité interministériel de restructuration industrielle
CIRI,Comité interministériel de restructuration industrielle (Secrétariat)
CIRIT,Comité interprofessionnel de rénovation de l'industrie textile
CIRJ,Cellule d'Information et de Rapprochements Judiciaires
CIRRIC,Caisse Interprofessionnelle de Retraite par Répartition pour l’Industrie et leCommerce
CIS,Cellule information solidarité
CISIH,Centre d’information et de soins de l’immuno-déficience humaine
CISIRH,Centre interministériel de services informatiques relatifs aux ressources humaines
CISMF,Centre interarmées de soutien météo-océanographique des forces
CISP,Conseiller(ère) en insertion sociale et professionnelle
CISS,Collectif Inter associatif sur la Santé
CIT,Centre intégré de traitement ( des déchets ménagers )
CITES,Convention sur le commerce international des espèces de faunes et de flores sauvages ( convention de Washington)
CITIFD,"Cellule Immigration, Travail Illégal et Fraude Documentaire"
CITL,Centre D’initiation Au Travail Et Aux Loisirs
CITP,Comité interministériel de la transformation publique
CITRAS,Centre inter-établissements de recherche clinique et de traitement anti-SIDA
CITSS,Commissions Interrégionales de la Tarification Sanitaire et Sociale
CIV,Comité interministériel des villes
CIVI,Commission d’indemnisation des victimes d’infraction
CIVI,Commission d’indemnisation des victimes d’infractions.
CIVI,Centre d'information sur le volontariat international
CIVIS,Centre interprofessionnel pour l’information sur l’infection à VIH et le SIDA
CIVIS,Contrat d'insertion dans la vie sociale
CIVS,Commission pour l'indemnisation des victimes de spoliations intervenues du fait des législations antisémites en vigueur pendant l'Occupation
CJ,Contrôle judiciaire.
CJCE,Cour de justice des Communautés européennes
CJDES,"Centre Des Jeunes, Des Dirigeants,Des Acteurs De l’économie Sociale"
CL,Collectivité Locale
CLACT,Contrats Locaux D’amélioration Des Conditions De Travail
CLAD,Classe d’adaptation
CLAIR,"Collèges Et Lycées Pour L’ambition, L’innovation Et La Réussite"
CLAN,Comité de liaison alimentation nutrition
CLAP,Comité Local D’aide Au Projet
CLAS,contrats locaux d’accompagnement scolaire
CLAT,Centre de Lutte Anti-Tuberculeux
CLAU,Commission locale d'aménagement et d'urbanisme.
CLCBE,Comité de liaison des comités de bassin d'emploi
CLCC,Centre de Lutte Contre le Cancer
CLCV,"Consommation, logement et cadre de vie"
CLD,Chômeur de Longue Durée
CLD,Congé longue durée
CLDM,Congé de Longue Durée pour Maladie
CLDP,Centre Local de Documentation Pédagogique
CLE,Commission locale de l'eau.
CLEIRPPA,"Centre de liaison, d’étude, d’information et de recherche sur les problèmes des personnes âgées"
CLEISS,Centre des liaisons européennes et internationales de sécurité sociale
CLEMI,Centre de liaison de l'enseignement et des médias d'information
CLER,Comité de liaison énergies renouvelables
CLES,Contrats locaux éducatifs et sociaux
CLHP,Chromatographie liquide à haute performance
CLI,Commission locale d'information
CLI,Commission locale d’insertion
CLIC,"Centres locaux d'information, de liaison et de coordination"
CLIC,Centres locaux d’information et de coordination gérontologique
CLIC,Comité local d'information et de concertation.
CLICOSS,Comité de Liaison et de Coordination des Services Sociaux voir aussi CODELICO
CLIN,Comité de Lutte contre les infections nosocomiales
CLIN,Classe d’Initiation ala Langue Française
CLINT,CLasse INTégrée
CLIPA,Classe d'initiation préprofessionnelle en alternance
CLIPPA,Classe d’initiation préprofessionnelle en alternance
CLIS,Classe d’Intégration Scolaire
CLIS,Commission locale d'information et de surveillance.
CLIS 1,Classe d’intégration pour handicapés mentaux
CLIS 2,Classe d’intégration pour handicapés auditifs
CLIS 3,Classe d’intégration pour handicapés visuels
CLIS 4,Classe d’intégration pour handicapés moteurs
CLLAJ,Comité local pour le logement autonome des jeunes
CLM,Congé de Longue Maladie
CLMH,Classé monument historique
CLNAS,Concession de Logement par Nécessité Absolue de Service
CLOUS,Centre Local des Oeuvres Universitaires et Scolaires
CLPA,Carte de localisation probable des avalanches
CLPES,Centre d’études sur les politiques économiques et sociales
CLR,Complément local de ressources
CLS,Contrats locaux de sécurité
CLS,Comité Local de Sûreté
CLSH,Centres de loisirs sans hébergement (la nouvelle désignation est ALSH)
CLSPD,Conseil Local de Sécurité et de Prévention de la Délinquance
CLSPD,Comité Local de Sécurité et de Prévention de la Délinquance
CLUD,Comité de Lutte contre la Douleur
CMA,Complication et Morbidité Associée
CMA,Centre Médical des Armées
CMC,Catégorie Majeur Clinique
CMC,Centre Médico-Chirurgical
CMD,Catégorie Majeur de Diagnostique
CMD,Causes Médicales de Décès
CMD,Comité Médical Départemental
CMDD,Commission méditerranéenne du développement durable.
CMDE,Chargés de Mission Développement Économique
CME,Centre médical d'évacuation
CME,Centre Médico-éducatif
CME,Commission Médicale d’établissement
CME,Conseil mondial de l'énergie.
CMED,Commission mondiale sur l'environnement et le développement
CMH,Coordination Médicale Hospitaliére
CMI,Centre Médico-Infantile
CMI,Comité maritime international.
CMIA,Centre Médical InterArmées
CMIC,Cellule mobile d'intervention chimique
CMIR,Cellule mobile d'intervention radiologique
CML,Certificat Militaire de Langue
CMM,Centre de météorologie marine
CMN,Centre des monuments nationaux
CMP,Centre médico-psychologique
CMP,Code des marchés publics
CMP,Consultation médico-psychologique
CMPE,Commission des Marchés Publics de l'État
CMPI,Centre Médico-psychologique Infantile
CMPP,Centre Médico-Psycho-Pédagogique
CMPR,Centre de Médecine Physique et de Réadaptation
CMPS,Centre Médico-Psycho-Sociologique
CMS,Centre Médico-Scolaire
CMSA,Caisse de Mutualité sociale agricole
CMU,Couverture maladie universelle
CMUC,Couverture maladie universelle complémentaire
CMUP,Cellule d'urgence médico-psychologique
CMVOA,Mission de veille opérationnele et d'alerte : centre de veille opérationnelle et d'alerte
CMVRH,Centre ministériel de valorisation des ressources humaines
CNA,Conseil national de l'air.
CNAC,Centre national d’art et de culture
CNAC Georges-Pompidou,Centre national d'art et de culture Georges-Pompidou
CNAC-GP,Centre national d'art et de culture Georges Pompidou
CNADDT,Conseil national à l’aménagement et du developpement durable du territoire
CNADT,Conseil national de l'aménagement et du développement du territoire
CNAEMO,Carrefour National de l’Action Éducative en Milieu Ouvert
CNAF,Caisse nationale d'allocations familiales
CNAF,Caisse nationale des allocations familiales
CNAFA,Commission nationale pour la formation à l’animation
CNAJEP,Comité national pour les relations nationales et internationales des associations de jeunesse et d'éducation populaire
CNAM,Conservatoire national des arts et métiers
CNAMOME,"Chambre Nationale des Architectes agrées, maîtres d'œuvre, Métreurs, Experts"
CNAMTS,Caisse nationale d'assurance maladie des travailleurs salariés
CNAMTS,Caisse nationale de l'assurance maladie des travailleurs salariés
CNANES,Comité national alimentation nutrition dans les établissements de santé
CNAOP,Conseil national d'accès aux origines personnelles
CNAP,Conseil national d'accession à la propriété
CNAP,Centre national d'arts plastiques
CNAP,Centre national des arts plastiques
CNAPE,convention nationale des associations de protection de l’Enfant (anciennement UNASEA
CNAPS,Conseil national des activités physiques et sportives
CNAS,Comité national d’action scientifique Contre le SIDA
CNAS,Comité National D’action Sociale Pour Le Personnel Des Collectivités Territoriales
CNASEA,Centre national pour l'aménagement des structures des exploitations agricoles
CNAU,Centre National d'Aide aux Utilisateurs
CNAV,Caisse nationale d'assurance vieillesse
CNAVPL,Caisse nationale d'assurance vieillesse des professions libérales
CNAVTS,Caisse nationale d'assurance vieillesse des travailleurs salariés
CNB,Conseil national du bruit.
CNBA,Chambre nationale de la batellerie artisanale
CNBF,Caisse nationale des barreaux français
CNC,Centre national de la cinématographie
CNC,Certificat National De Compétences (protection Judiciaire)
CNC,Centre national du cinéma et de l'image animée
CNCA,Caisse nationale de crédit agricole
CNCC,Conseil national des commissaires aux comptes.
CNCCFP,Service juridique
CNCCFP,Commission nationale des comptes de campagne et des financements politiques
CNCCG,Centre national de coordination des centres de gestion
CNCDH,Commission nationale consultative des droits de l’homme (premier ministre)
CNCDH,Commission nationale consultative des droits de l'homme
CNCE,Comité national de coordination et d’évaluation
CNCE,Compagnie nationale des commissaires enquêteurs.
CNCFS,Conseil national de la chasse et de la faune sauvage
CNCFSC,Conseil national de la chasse et de la faune sauvage captive
CNCIS,Commission nationale des contrôles d'interception de sécurité
CNCL,Comité national consultatif de labellisation
CNCP,Commission nationale de la certification professionnelle - Secrétariat national
CNCPH,Conseil national consultatif des personnes handicapées
CNCRES,Conseil National des Chambres Régionales de l’Économie Sociale
CNCT,Comité national contre le tabagisme
CNCTR,Commission nationale de contrôle des techniques de renseignement
CND,Conseil national des déchets.
CNDA,Cour Nationale Du Droit D’asile
CNDD,Conseil national du développement durable.
CNDI,Centre National pour le développement de l'information
CNDP,Centre national de documentation pédagogique
CNDP,Comité national de débat public.
CNDP,Réseau Canopé - Centre national de documentation pédagogique
CNDP,Commission nationale du débat public
CNDPF,Carrefour national des délégués aux prestations familiales (anciennement CETT)
CNDS,Centre national de développement du sport
CNDS,Comité national de danse sportive
CNDS,Centre national pour le développement du sport
CNE,Comité national de l'eau.
CNE,Contrat nouvelle embauche
CNE,Conseil national de l'emploi
CNEAP,Conseil National de l’Enseignement Agricole Privé
CNEC,Commission nationale d'équipement commercial
CNED,Centre national d'enseignement à distance
CNEE,Conseil National Éducation Économie
CNEFG,Centre National d'Entraînement des Forces de la Gendarmerie
CNEFOP,"Conseil national de l'emploi, de la formation et de l'orientation professionnelles"
CNEH,Centre National De L’expertise Hospitalière
CNEI,Comité National des Entreprises d’Insertion
CNEJ,Centre national d'études judiciaires
CNEPEOM,Commission nationale d'évaluation des politiques de l'État outre-mer
CNES,Centre national d'études spatiales
CNESER,Conseil national de l'enseignement supérieur et de la recherche
CNESMS,Conseil National De L’évaluation Sociale Et Médico-sociale
CNESS,Centre national d’études supérieures de la sécurité sociale
CNESSS,Centre national d'études supérieures de sécurité sociale
CNET,Centre national d'études des télécommunications
CNEXO,Centre national pour l'exploitation des océans
CNFC,Centre National de Formation au Commandement
CNFCSTAGN,Centre National de Formation du Corps de Soutien Technique et Administratif de la Gendarmerie Nationale
CNFDG,Centre National de Formation à Distance de la Gendarmerie
CNFG,Comité National Français de la géologie
CNFLIG,Centre National de Formation aux Langues et à l'International de la Gendarmerie
CNFLRH,Comité national français de liaison pour la réadaptation des handicaps
CNFMC,Conseils Nationaux de la Formation Médicale Continue
CNFPJ,Centre National de Formation de la Police Judiciaire
CNFPMGN,Centre National de Formation du Personnel Motocycliste de la Gendarmerie
CNFPT,Centre national de la fonction publique territoriale
CNFSG,Centre National de Formation au Secourisme de la Gendarmerie
CNFSICG,Centre National de Formation aux Systèmes d'Information et de Communication de la Gendarmerie
CNFSR,Centre National de Formation à la Sécurité Routière
CNG,Centre national de gestion
CNG,Centre National de Gestion des praticiens et des personnels de direction (FPH)
CNG,Caisse Nationale du Gendarme
CNH,Conseil national de l’habitat
CNIAE,Conseil national de l’insertion par l’activité économique
CNIAE,Secrétariat du Conseil national de l'insertion par l'activité économique
CNICG,Centre National d'Instruction Cynophie de la Gendarmerie
CNICO,Centre national d'information et de coordination
CNIDFF,Centre national d’information sur les droits des femmes et des familles
CNIG,Conseil national de l'information géographique
CNIGMAR,Centre National d'Instruction de la Gendarmerie Maritime
CNIH,Comité national interprofessionnel de l'horticulture
CNIID,Centre National d'information indépendante sur les déchets
CNIJ,Centre national d'informatique juridique
CNIL,Commission nationale de l'informatique et des libertés
CNIL,Commission Nationale Informatique et Libertés
CNIM,Collége National d’Information Médicale
CNING,Centre National d'Instruction Nautique de la Gendarmerie
CNIPE,Centre national d'information pour la productivité des entreprises
CNIR,Centre National d'information routière
CNIR,Centre national d’information pour la réadaptation
CNIS,Conseil national de l'information statistique
CNISAG,Centre National d'Instruction au Ski et à l'Alpinisme de la Gendarmerie
CNL,Confédération nationale du logement
CNL,Centre national du livre
CNLAPS,Comité National De Liaison Des Associations De Prévention Spécialisée
CNLES,Conseil National des politiques de Lutte contre la pauvreté et l’Exclusion Sociale
CNLI,Commission nationale pour le logement des immigrés
CNLRQ,Comité national de liaison des régies de quartier
CNM,Conseil national de la montagne.
CNME,Caisse nationale des marchés de l'État
CNMHS,Caisse nationale des monuments historiques et des sites.
CNML,Conseil national des missions locales
CNMSS,Caisse nationale militaire de sécurité sociale
CNNC,Commission nationale de la négociation collective
CNNRBC,Cellule Nationale Nucléaire Radioactif Bactériologique Chimique
CNNum,Conseil national du numérique
CNO,Convention Nationale d’Objectifs
CNOM,Conseil National de l’ordre des Médecins
CNOP,Conseil National de l’Ordre des Pharmaciens
CNOSF,Comité national olympique du sport français
CNOSS,Comité National d’Organisation Sanitaire et Sociale
CNOUS,Centre national des oeuvres universitaires et scolaires
CNP,Conseil national du paysage.
CNPD,Conseil National De Prévention De La Délinquance.
CNPERT,"Centre National De Prévention, d’études Et De Recherches Sur Les Toxicomanies"
CNPF,Conseil national du patronat français (voir MEDEF).
CNPN,Conseil national de la protection de la nature.
CNPN,Commission nationale de prévention des nuisances
CNPPF,Centre national professionnel de la propriété forestière
CNPS,Centre National des Professions de Santé
CNPS,Centre national des ponts de secours
CNQCS,Conseil National de la Qualité et de la Coordination des Soins
CNR,Centre National de Référence
CNR,Comité national des registres
CNR,Compagnie nationale du Rhône
CNR,Conseil national du renseignement
CNR-MR,Comité national des registres maladies rares
CNRACL,Caisse nationale de retraite des agents des collectivités locales
CNRG,Consortium national de recherche en génomique
CNRM,Centre national de recherches météorologiques
CNRO,Centre National de Renseignement Opérationnel
CNRS,Centre national de la recherche scientifique
CNRSDA,Centre National De Référence Santé à Domicile et (+) Autonomie
CNS,Conférence nationale de santé
CNS,Conseil national sur le SIDA
CNS,Commission Nationale de Prévention
CNSA,Caisse nationale de solidarité pour l'autonomie
CNSA,Centre National de Sport des Armées
CNSAD,Conservatoire national supérieur d'art dramatique
CNSD,Centre National des Sports de la Défense
CNSD,Commissariat aux sports militaires - Centre national des sports de la Défense
CNSL,Centre national de soutien logistique de la gendarmerie nationale
CNSS,Caisse nationale de sécurité sociale.
CNTA,Comptoir national technique agricole
CNTS,Centre national de transfusion sanguine
CNTSS,Commission Nationale du Contentieux de la Tarification Sanitaire et Sociale
CNUCED,Conférence des Nations unies pour le commerce et le développement
CNUED,Conférence des nations unies sur l'environnement et le développement.
CNV,"Centre national de la chanson, des variétés et du jazz"
CNV,Conseil national des villes
CNVA,Conseil national de la vie associative
CNVJ,"Centre national de la chanson, des variétés et du jazz"
CNVL,Conseil National de la Vie Lycéenne
COAE,Centre d’orientation et d’action éducative
COB,Commission des opérations de bourse
COB,COmmunauté de Brigades
COCRIM,COordinateur CRIMinalistique
COCT,Conseil d'orientation sur les conditions de travail
COD,Centre opérationnel de défense
CODAC,Commission départementale d'accès à la citoyenneté
CODAF,Comité opérationnel départemental anti-fraude
CODAMU,Comité départemental d'aide médicale d'urgence.
CODAMUPS,COmités Départementaux de l’Aide Médicale Urgente et de la Permanence des Soins
CODEF,"Comité départemental de la formation professionnelle, de la promotion sociale et de l’emploi"
CODEFI,Comité départemental d'examen des problèmes de financement des entreprises
CODELICO,Comité départemental de Liaison et de Coordination des Services Sociaux voir aussi CLICOSS
CODEP,Comité départemental
CODER,Commission de développement économique régional
CODERPA,Comité départemental des retraités et personnes âgées
CODERST,Conseil départemental de l'environnement et des risques sanitaires
CODES,Comité départemental d’éducation pour la santé
CODEVI,Comptes pour le développement industriel
CODEX,Commission de développement extérieur
CODIR,COmité de DIRection
CODIS,Comité d'orientation pour le développement des industries stratégiques
CODIS,Centre opérationnel d'intervention et de secours
CODISC,Centre opérationnel de la direction de la défense et de la Sécurité civile
COE,Centre d’orientation éducative
COE,Conseil d’orientation de l’emploi
COE,Conseil d'orientation pour l'emploi
COEPIA,Conseil d'orientation de l'édition publique et de l'information administrative
COFACE,Compagnie française d'assurance pour le commerce extérieur
COFRAC,Comité FRançais d’ACcréditation
COG,Contrat d’Objectifs et de Gestion
COGEMA,Compagnie générale des matières nucléaires
COGIC,Centre opérationnel de gestion interministérielle des crises
COGIR,Contrat d’Objectifs et de Gestion Inter-Régimes
COI,Contrat Opérationnel Individualisé
COIA,Centre Opérationnel Interarmées
COJ,Code de l'Organisation Judiciaire
COLAF,Cellule Opérationnelle de Lutte Anti-Fraude
COLIR,Cellule Opérationnelle de Lutte contre les Irrégularités
COLITRAH,Comité de Liaison pour le TRAnsport des personnes Handicapées
COLORPA,Commission Locale Des Retraités et Personnes Agées
COLTER,Collectivités territoriales
COM,Collectivité d’outre-mer
COM,Contrat D’objectifs Et De Moyens
COMCYBER,Commandement des forces de cyberdéfense des armées françaises
COMEDIMS,COmission du MEdicament et des DIspositifs Médicaux Stériles
COMES,Commissariat à l'énergie solaire
COMEX,COMité EXécutif
COMP,Comité pour les médicaments orphelins
COMPAQH,Coordination pour la Mesure de la Performance et de l’Amélioration de la Qualité Hospitaliére
COMT,Commission des marchés à terme de marchandises
COORACE,Coordination des associations d’aides aux chômeurs pour l’emploi
COPA,Comité des organisations professionnelles agricoles.
COPACIF,Comité paritaire du congé individuel formation
COPE,COmité de PIlotage et d'Évaluation
COPEC,Commission pour la promotion et l'égalité des chances et de la citoyenneté
COPIL,COmité de PILotage
COPIRE,Commissions paritaires interprofessionnelles régionales de l’emploi
COPJ,Convocation par Officier de police judiciaire
COPJ,Convocation par OPJ
COPS,Commission de l’Organisation de la Permanence des Soins
COPSY,Conseiller d’Orientation Psychologue
COR,Conseil d'orientation des retraites
CORAT,Coordination Opérationnelle Renforcée des Agglomérations et des Territoires
CORDES,Comité d'organisation des recherches appliquées sur le développement économique et social
CORDET,Commission de coordination de la recherche des départements et territoires d'outre-mer
CORDIS,Comité de règlement des différends et des sanctions
COREC,Comité régional d'examen des comptes des organismes de sécurité sociale
COREF,"Comités régionaux de la formation professionnelle, de la promotion sociale et de l'emploi"
COREP,Commission régionale d'élaboration du plan régional de la qualité de l'air.
COREPS,Commission régionale des professions du spectacle
CORES,Comité Régional d’Éducation à la Santé
COREVIH,COordination REgionale de lutte contre le Virus de l’Immunodéficience Humaine
CORG,Centre d'Opérations et de Renseignement de la Gendarmerie
CORINE,Coordination des informations sur l'environnement (programme communautaire).
CORPEN,Comité d'orientation pour la réduction de la pollution des eaux par les nitrates.
CORRI,Comité régional de restructuration industrielle
COS,Coefficient d'occupation des sols
COSA,Commission pour les simplifications administratives
COSAC,Conférence des organes spécialisés des assemblées de la communauté
COSIP,Compte de soutien aux industries de programme
COSIS,Compte de soutien à l'industrie des programmes audiovisuels
COSLA,Comité d’Orientation pour la Simplification du Langage Administratif
COSSI,Centre opérationnel de la sécurité des systèmes d'information
COT,Convention d'occupation temporaire.
COTER,Comité TEchnique Régional
COTOREP,Commission technique d'orientation et de reclassement professionnel
COTRIM,Comité Technique Régional de l’Information Médicale
COUNA,Courriers non adressés
COV,Certificats d'obtentions végétales
COZ,Centre opérationnel zonal
CP,Code postal.
CP,Crédit de paiement
CP,Commissariat de Police ou Code Pénal ou Congé Parental
CP,Code pénal.
CPA,Cessation progressive d’activité
CPA,Classe Préparatoire à l’Apprentissage
CPA,Classification statistique des produits associée aux activités dans la Communauté Européenne
CPA,Compte personnel d'activité
CPAG,Centres de préparation à l'administration générale
CPAL,Comité de probation et d’aide aux libertés
CPAM,Caisse primaire d’assurance maladie
CPAS,Centre Polyvalent D’action Sociale
CPC,Classification des produits centrale dans la Communauté Européenne
CPCA,Conférence Permanente des Coordinations Associatives
CPCEA,Caisse de Prévoyance desCadres d’Exploitations Agricoles
CPDPN,Centre pluridisciplinaire de diagnostic prénatal
CPE,Conseiller Principal d’Education
CPE,Contrat première embauche
CPEF,Centre de Planification et d’Education Familiale
CPER,Contrat de projet État Région.
CPER,Contrat Plan État Région
CPF,Compte personnel de formation
CPFS,Centre De Placement Familial Spécialisé
CPG,Contrat Pluriannuels De Gestion
CPGC,Centre de Planification et de Gestion de Crise
CPGE,Classe Préparatoire aux Grandes Ecoles
CPH,Centre Provisoire D’hébergement
CPH,Conseil des prud’hommes
CPHLM,Caisse des Prêts aux HLM
CPI,Centres de placement immédiat
CPI,Classe Préparatoire Intégrée
CPI,Code de la Propriété Intellectuelle
CPIE,Centre permanent d'initiation à l'environnement
CPIGN,Classe Préparatoire Intégrée de la Gendarmerie Nationale
CPIP,Conseiller pénitentiaire d’insertion et de probation.
CPM,Caisse de Prévoyance et de retraites du personnel des organismes de Mutualité
CPMGN,Centre de Production Multimédia de la Gendarmerie Nationale
CPMHE,Comité pour la mémoire et l'histoire de l'esclavage
CPNE,Comité paritaire national de l’emploi
CPNFP,Comité paritaire national pour la formation professionnelle
CPOM,Contrat pluriannuel d’objectifs et de moyens
CPP,Code de procédure pénale
CPP,Comité de prévention et de la précaution.
CPP,Contrat de Pratiques Professionnelles
CPPV,Convocation par procès-verbal.
CPR,Centre Pédagogique Régional
CPR,Comité de Pilotage des Réserves
CPRC,Contrat de Programme de Recherche Clinique
CPRDF,Contrat De Plan Régional De Développement Des Formations Professionnelles
CPS,Cadre de Proximité de Soins
CPS,Carte de Professionnel de Santé
CPS,Contrôles Personnels de Sécurité
CPSAGN,Conseil Permanent de la Sécurité Aérienne de la Gendarmerie
CPSAGN,Convocation Par Procès-Verbal
CPU,Clinique Psychiatrique Universitaire
CPU,Code pratique de l'urbanisme.
CPV,Vocabulaire commun pour les marchés publics de l'Union Européenne (Common Procurement Vocabulary)
CQ,Contrat de qualification
CQA,Contrat de qualification adulte
CQEPP,Conseil de la Qualité et de l’Évaluation des Pratiques Professionnelles
CQFD,Ce qu'il fallait démontrer.
CQHM,Certificat de Qualification Haute Montagne
CQL,Commandement De Quitter Les Lieux
CQP,Certificat de qualification professionnelle
CQPM,Certificats De Qualification Paritaires De La Métallurgie
CR,Conseil Régional
CR,Croix rouge.
CR,Commission Rogatoire
CRA,Centre de rétention administrative
CRA,Chambre régionale d'agriculture.
CRA,Commission de Recours Amiable
CRAC,Cellule Rectorale d’Action Culturelle
CRADT,Conseil régional d'aménagement et de développement du territoire.
CRAH,Compte-Rendu d'Activité Hebdomadaire
CRAHM,Centre de recherche archéologique et historique médiéval.
CRAM,Caisse régionale d'assurance-maladie.
CRAM,Caisse régionale d’assurance maladie
CRAMIF,Caisse régionale d'assurance maladie d’Île de France
CRATMP,Comité Régional Des Accidents Du Travail Et Maladies Professionnelles (émanation Du La Carsat Volet Prévention)
CRC,Chambre régionale des comptes.
CRCCA,Caisse de RetraiteComplémentaire desCadres de l’Agriculture
CRCI,Chambre régionale de commerce et d'industrie.
CRCOS,Comité Régional de l’ Observation Sociale
CRCSM,Conférence Régionale Consultatives de Santé Mentale
CRDM,Centre de ressources documentaires multimédia (ministère santé et affaires sociales)
CRDP,Centre Régional de Documentation Pédagogique
CRDS,Contribution au remboursement de la dette sociale
CRDV,Centre de Rééducation de Déficients Visuels
CRE,Commission de régulation de l'électricité
CRE,Contrat de retour à l’emploi
CRE,Commission de régulation de l'énergie
CREAHl,Centre régional d’études et d’action en faveur des personnes handicapées et inadaptées
CREAI,Centre Régional d’Etude et d’Action pour l’Insertion
CREAI,Centre régional pour l’enfance et l’adolescence inadaptées
CREDES,Centre de Recherche En Economie de la Santé
CREDOC,Centre de recherches pour l'étude et l'observation des conditions de vie
CREDOC,Centre de recherche pour l'étude et l'observation des conditions de vie
CREFO,"Centre régional de formation, formation permanente en milieu ouvrier"
CREL,Caisse de Retraite de la Fonction publique
CREL,Centre de recherche et d'expertise de la logistique
CREN,Conservatoire régional des espaces naturels
CRENAM,Centre de recherche sur l'environnement et l'aménagement.
CREOGN,Centre de recherche de l'école des officiers de la gendarmerie nationale
CREPAC,Caisse de Retraite d’Entreprises Professionnelles Agricoles et Connexes
CREPS,Centre régional d'éducation physique et sportive
CREPS,"Centre de ressources, d’expertise et de performance sportive"
CRES,Commission régionale de l’économie solidaire
CRESAS,Centre de recherches de l’éducation spécialisée et de l’adaptation scolaire
CRESDA,Centre régional d’éducation spécialisée pour déficients auditifs
CRESS,Chambre Régionale De L’économie Sociale Et Solidaire
CRESS,Commission régionale de l’équipement sanitaire et social
CREST,Centre de recherche en économie et en statistique
CRF,Centre de rééducation fonctionnelle
CRF,Croix rouge française.
CRG,Commission Rogatoire Générale
CRGN,Centre de Recherche de la Gendarmerie Nationale
CRH,Caisse de Refinancement Hypothécaire
CRI,Commission régionale d’invalidité
CRI,Commission rogatoire internationale.
CRIA,Caisse de Retraite Interentreprises Agricole
CRIAS,Centre régional d’information et d’activité sociale
CRICR,Centre Régional d'Information et de Coordination Routière
CRIDEL,Centre de rencontres et d'initiatives pour le développement local
CRIGE,Centre Régional de l’Information Géographique
CRII-RAD,Commission de recherche et d'information indépendante sur la radioactivité
CRIJ,Centre régional information jeunesse
CRIPI,Commission régionale pour l’insertion des populations immigrées
CRIPS,Centres Régionaux d’Information et de Prévention du SIDA
CRIS,Cellule régionale inter services
CRISMS,Commission régionale des institutions sociales et médico-sociales
CRITT,Centre régional d'innovation et de transfert technologique
CRLCC,Centre Régional de Lutte Contre le Cancer
CRNK,Centre de Référence National du Kératocône
CRO,Compte-Rendu Opérationnel
CROAT,Centre régional d'observation de l'activité touristique
CROGEND,Centre de Renseignement Opérationnel de la GENDarmerie
CROP,Centre de rééducation de l’ouie et de la parole
CROSMS,Comité Régional de l’Organisation Sanitaire et Médico-Sociale
CROSS,Centre régional opérationnel de surveillance et de sauvetage
CROUS,Centre régional des oeuvres universitaires et scolaires
CRP,Commissaires aux restructurations et à la préventions des difficultés des entreprise
CRP,Centre de Rééducation Professionnel
CRP,Crédit de réduction de peine.
CRPA,Code des Relations entre le Public et l’Administration
CRPC,Comparution sur reconnaissance préalable de culpabilité
CRPF,Centre régional de la propriété forestière
CRPJ,Compte-Rendu de Police Judiciaire
CRPS,"Centre régional de prévention, d’information, de formation et de lutte contre le SIDA"
CRPS,Commission régionale du patrimoine et des sites.
CRPV,Centre Régional de Pharmacovigilance
CRQCS,Conseil Régional de la Qualité et de la Coordination des Soins
CRR,Commission de recours des réfugiés
CRRA,Centre de Réception et de Régulation des Appels
CRRFP,"Centre de Réducation, Réadaptation et de Formation Professionnelle"
CRS,Compagnies républicaines de sécurité
CRS,Conférence Régionale de Santé
CRSA,Conférence Régionale De Santé Et Autonomie
CRT,Commission Rogatoire Technique
CRTL,Comité régional du tourisme et des loisirs
CRUQ,Commission des Relations avec les Usagers et de la Qualité de la prise en charge
CS,Cadre de Santé
CS,Certificat de spécialisation
CS,Chef de Service
CS,Conseil scientifique.
CSA,Conseil supérieur de l'audiovisuel
CSA,Changement de Subdivision d'Arme
CSAC,Conseil supérieur de l'aviation civile
CSAG,Centre de Soutien Automobile de la Gendarmerie
CSAIA,Chef du service Académique d’Inspection de l’Apprentissage
CSAIO,Chef du Service Académique d’Information et d’Orientation
CSAPA,"Centres de soin, d'accompagnement et de prévention en addictologie"
CSATE,Conseil supérieur de l'appui territorial et de l'évaluation
CSAU,Certificat de sociabilité et d'aptitude à l'utilisation
CSC,Centre Social et Culturel
CSC,Commission de la sécurité des consommateurs
CSCA,Commission de sécurité de la circulation aérienne
CSCE,Conférence pour la sécurité et la coopération en Europe
CSCE,Centre de surveillance du commerce électronique
CSCV,confédération syndicale du cadre de vie
CSDU,Centre de stockage de déchets ultimes
CSE,Cadre socio-éducatif
CSE,Certificat de Signature Electronique
CSE,Chef de Service Educatif
CSE,Comité social et économique
CSERC,"Conseil supérieur de l'emploi, des revenus et des coûts"
CSERV,Comité supérieur d'évaluation des risques volcanique.
CSF,Confédération Syndicale des familles
CSF,Crédit Social Des Fonctionnaires
CSFE,Conseil supérieur des Français de l'étranger
CSFM,Conseil Supérieur de la Fonction Militaire
CSFP,Conseil Supérieur de la fonction publique.
CSFPE,Conseil supérieur de la fonction publique de l’État
CSFPE,Conseil supérieur de la fonction publique de l'État (secrétariat)
CSFPH,Conseil supérieur de la fonction publique hospitalière
CSFPT,Conseil supérieur de la fonction publique territoriale
CSG,Contribution sociale généralisée
CSH,Compagnie de Sécurité et d'Honneur
CSHLM,Conseil Supérieur des HLM
CSHPF,Conseil supérieur d'hygiène publique de France
CSI,Centre de Soins Infirmiers
CSIC,Conseil supérieur des installations classées.
CSIC,Certificat des Systèmes de l'Information et de la Communication
CSLG,Club Sportif et des Loisirs de la Gendarmerie
CSM,Commission Spécialisée des Marchés
CSM,Conseil Supérieur de la Magistrature
CSMA,Conseil supérieur des musiques actuelles
CSMF,Confédération des syndicats médicaux français
CSMI,Centre de santé maternelle et infantile
CSMI,Centre de Santé Mentale Infanto-juvénile
CSMI,Commission Spécialisée des Marchés Informatiques
CSN,Coopérant du service national
CSNE,Coopérant du service national en entreprise
CSNPSN,Conseil supérieur de la navigation de plaisance et des sports nautiques
CSP,Catégories socioprofessionnelles
CSP,Code de la santé publique
CSP,Comité des Spécialités Pharmaceutiques
CSP,Conseil supérieur de la pêche.
CSP,Contrat de Santé Publique
CSPE,Contribution au service public de l'électricité
CSPF,Centre de Services Partagés Financiers de la DSAF
CSPN,Compagnie de Sécurité des Palais Nationaux
CSPR,Commission Socio Professionnelle Régionale
CSPRT,Conseil supérieur de la prévention des risques technologiques
CSPS,coordinateur de la sécurité et de la protection de la santé
CSRIMT,"Commission des Soins Infirmiers, de Rééducation et Médico-Techniques"
CSRM,Conseil Supérieur de la Réserve Militaire
CSRPN,Conseil scientifique régional du patrimoine naturel
CSS,Code de la Sécurité Sociale
CSS,Conférence Sanitaire de Secteur
CSSI,commission des services en soins infirmiers
CSSI,Coordonnateur des services de sécurité incendie
CSSIN,Conseil supérieur de la sûreté et de l'information nucléaires
CSSM,Conseil supérieur des sports de montagne
CSSPF,Conseil supérieur du service public français
CSSPP,"Commission supérieure des sites, perspectives et paysages."
CSSS,Contribution sociale de solidarité des sociétés
CSST,Centre spécialisé de soins aux toxicomanes
CSTAGN,Corps de Soutien Technique et Administratif de la Gendarmerie Nationale
CSTB,Centre scientifique et technique du bâtiment
CSTS,Conseil supérieur du travail social
CSU,Culture et sociétés urbaines.
CSUE,Centre satellitaire de l'union européenne.
CT,Centre Thérapeutique
CT,Commission de la Transparence
CT,Congé Trimestriel
CTA,Centrale De Traitement D’air
CTA,Corps Technique et Administratif
CTBA,Centre technique du bois et de l'ameublement
CTE,Comité technique d’établissement
CTE,Comité technique de l'eau.
CTE,Contrats territoriaux d'exploitation
CTENRHI,Centre Technique National d’Etudes et de Recherche sur les Handicaps et les Inadaptations
CTGN,Centre Technique de la Gendarmerie Nationale
CTH,Centre Thérapeutique
CTI,Commission des titres d’ingénieurs
CTIA,Centre Thérapeutique Intersectoriel pour Adolescents
CTIFL,Centre technique interprofessionnel des fruits et légumes
CTIN,Comité Technique National sur les Infections Nosocomiales
CTIR,Centres de traitement informatique régionaux
CTM,Centre Technique Municipal
CTM,Commission Technique des Marchés
CTNERHI,Centre Technique National de Recherches sur les Handicaps et les Inadaptations
CTP,Comité Technique de Pharmacovigilance
CTP,Comité technique paritaire
CTP,Contrat de transition professionnelle
CTPB,Comité technique permanent des barrages.
CTPS,Conseil Technique De La Prévention Spécialisée
CTR,Centre Thérapeutique Résidentiel
CTR,Conseiller Technique Régional
CTRC,Centre technique régional de la consommation
CTRC,Comité Technique Régional de la Cancérologie
CTRDC,Comité Technique Régional de Dépistages des Cancers
CTS,Circonscription de Travail Social
CU,Certificat d'urbanisme.
CU,Code Unité
CUB,Communauté urbaine.
CUCES,Centre universitaire de coopération économique et sociale
CUCS,Contrats urbains de cohésion sociale
CUCS,Contrat Urbain de Cohésion Sociale
CUI,Contrat unique d’insertion (la déclinaison pour le secteur non marchant est le CUI-CAE
CUIO,Centres universitaires d'information et d'orientation
CUMA,Coopérative d'utilisation de matériel agricole
CUMP,Centre d’Urgence Médico-Psychologique
CUS,Coefficient d'utilisation du sol.
CUS,Commandant d'Unité Spécialisée
CV,Communauté de villes.
CV,Curriculum Vitae
CVL,Conseil de la Vie Lycéenne
CVPA,Centre Verviétois De Prophylaxie Anticancéreuse
CVR,Combattant volontaire de la Résistance
CVS,Conseil de la Vie Sociale
CYPRES,Centre d'information du public pour la prévention de risques industriels et la protection de l'environnement
CdF,Charbonnages de France
CdR,Comité des Régions
CeGIDD,"Centre gratuit d’information, de dépistage et de diagnostic des infections par les virus de l’immunodéficience humaine et des hépatites virales et des infections sexuellement transmissibles"
Centre INFFO,Centre pour le développement de l'information sur la formation permanente
Codev,Comité d’évaluation
CÉREQ,Centre d'études et de recherche sur les qualifications
CépiDc,Centre d’épidémiologie sur les causes médicales de décès (Inserm)
DA,Direction de l'architecture
DA,Diplôme d'Arme
DAAPN,Détachement Automobile Atelier Police Nationale
DAASEN,Directeur académique adjoint des services de l'Éducation Nationale
DAB,Distributeur Automatique de Billets
DAC,Directeur d'Administration Centrale
DAC,Dotation Annuelle Complémentaire
DACG,Direction des affaires criminelles et des grâces
DACS,Direction des affaires civiles et du sceau
DADS,Déclaration annuelle de données sociales
DAE,Direction des Achats de l'État
DAED,Demande d'Autorisation d'Engagement de Dépense
DAEI,Délégation aux affaires européennes et internationales
DAEI,Demande d'autorisation d'exploiter
DAES,Division des Actions Educatives et de la Scolarité
DAET,Délégation Académique aux Enseignements Techniques
DAF,Délégation à l'action foncière
DAF,Direction de l'Agriculture et de la Forêt
DAF,Dotation Annuelle de Financement
DAF,Direction des affaires financières
DAFCO,Délégation Académique à la Formation COntinue
DAFU,Direction de l'aménagement foncier et de l'urbanisme
DAG,Direction de l'administration générale
DAG,Détachement Aérien de la Gendarmerie
DAGEMO,Direction de l’administration générale et de la modernisation des services (Ministère emploi et travail)
DAGIC,"Direction des affaires générales, internationales et de la coopération"
DAGPB,Direction de l’administration générale du personnel et du budget (ministère santé et affaires sociales)
DAI,Document D’accompagnement Individuel
DAIPA,"Division des actions immobilières, de la programmation et de l’architecture"
DAJ,Direction des Affaires Juridiques de Bercy
DAL,Droit Au Logement
DALO,Droit au logement opposable
DAM,Délégué de l’Assurance Maladie
DAM,Direction des affaires maritimes
DAN,Département des activités nationales
DAO,Dessin assistée par ordinateur
DAOM,Déchets assimilables aux ordures ménagères
DAP,Délégation aux arts plastiques
DAP,Département Architecture et Projets (service de la DINSIC)
DAP,Direction de l’administration pénitentiaire
DAP,Dépositaire de l’autorité publique.
DAPA,Direction de l'architecture et du patrimoine
DAPAOS,Division de l’Administration des Personnels ATOS
DAPP,Diplôme d’application des produits sanitaires
DARAG,Dépendance à l'Alcool : Réseau d'Accompagnement des Gendarmes
DARE,Détachement à RÉsidence
DARES,"Direction de l'animation de la recherche, des études et des statistiques"
DARES,"Direction de l'animation de la recherche, des études et des statistiques"
DARH,Directeur d’Agence Régionale d’Hospitalisation
DARIM,Délégation Académique aux risques majeurs
DARPMI,Direction à l'action régionale et à la petite et moyenne industrie
DAS,Diagnostics associés Significatifs
DAS,Direction de l'action sociale.
DAS,Direction de l’action sociale
DASEN,Directeur académique des services de l'Éducation Nationale
DASES,Direction De ‘Action Social’ De L’Enfance Et De La Santé
DASRI,Déchets d’activités de soins à risques infectieux
DASS,Direction des affaires sanitaires et sociales.
DASTR,Direction d'appui à la structuration territoriale de la recherche
DATAR,Délégation à l'aménagement du territoire et à l'action régionale
DATAR,Délégation interministérielle à l’aménagement du territoire et à l’attractivité régionale
DAU,Délégation de l'architecture et de l'urbanisme.
DAUS,Diplôme d’auxiliaire de vie sociale
DAV,Délégation d'Aide aux Victimes
DB,Direction du Budget
DBA,Database Administrator
DBD,Dispositif Balistique de Désencerclement
DBO,"Demande biologique en oxygène (stat., d'épure)."
DC,Documents de la consultation
DC1,DC1 Lettre de candidature et désignation du mandataire par ses cotraitants (ex formulaire DC4)
DC2,DC2 Déclaration du candidat individuel ou du membre du groupement (ex formulaire DC5 Déclaration du candidat)
DC3,"DC3 Acte d'engagement - Formulaire pour répondre aux marchés publics (ex formulaire DC8), remplacé par le formulaire ATTRI1 depuis le 01/04/16."
DC4,DC4 Déclaration de sous-traitance (ex formulaire DC13 Présentation d'un sous-traitant ou acte spécial)
DCCRS,Direction centrale des compagnies républicaines de sécurité
DCE,Directive cadre sur l'eau
DCE,Dossier de Consultation des Entreprises
DCEN,Direction des centres d'expérimentation nucléaire.
DCI,Dénomination Commune Internationale
DCI,Direction de la Coopération Internationale
DCIB,Déchets industriels banals.
DCIF,Direction des comptes et de l'information financière
DCMAT,Direction centrale du matériel de l'armée de terre
DCN,Direction des constructions navales
DCO,"Demande chimique en oxygène (stat., d'épure,)"
DCPJ,Direction Centrale de la Police Judiciaire
DCRF,Direction de la consommation et de la répression des fraudes
DCRI,Direction de la coopération et des relations internationales
DCRI,Direction Centrale du Renseignement Intérieur
DCS,Dossier communal synthétique.
DCSP,Direction centrale de la sécurité publique
DCSSA,Direction Centrale du Service de Santé des Armées
DCTP,Dotation de compensation de la taxe professionnelle
DDA,Direction départementale de l'agriculture.
DDAF,Direction départementale de l'agriculture et de la forêt
DDAM,Direction départementale des affaires maritimes.
DDASS,Direction départementale des affaires sanitaires et sociales
DDC,Département du développement culturel
DDCC,Direction départementale de la concurrence et de la consommation.
DDCCRF,"Direction départementale de la concurrence, de la consommation et de la répression des fraudes"
DDCS,Direction Départementale de la Cohésion Sociale
DDCSPP,Direction départementale de la cohésion sociale et de la protection des populations
DDE,Direction départementale de l'équipement
DDEA,Direction Départementale de l'Equipement et de l'Agriculture
DDEC,Dotation départementale d'équipement des collèges
DDEEAS,Diplôme de Directeur d’Établissement d’Education Adaptée ou Spécialisée Ce diplôme s’est substitué au DDES
DDEN,Délégué départemental de l'éducation nationale
DDEP,Délégué à la diversité et à l'égalité professionnelle
DDGEFP,Délégation générale à l’emploi et à la formation professionnelle
DDISS,Direction Départementale des Interventions Sanitaires et Sociales
DDJS,Direction départementale de la jeunesse et des sports
DDM,Direction du développement des médias
DDPJJ,Direction départementale de la protection judiciaire de la jeunesse
DDPP,Direction départementale de la protection des populations
DDR,Dotation de développement rural
DDRM,Dossier départemental des risques majeurs
DDSC,Direction de la défense et de la sécurité civiles
DDSF,Direction départementale des services fiscaux.
DDSIS,Direction départementale des services d'incendie et de secours.
DDSP,Direction départementale de la sécurité publique.
DDSV,Direction départementales des services vétérinaires
DDT,Direction Départementale des Territoires
DDT,Direction départementale des territoires
DDTE,Direction départementale de l’emploi
DDTEFP,"Direction départementale du travail, de l’emploi et de la formation professionnelle"
DDTM,Direction Des Territoires et de la Mer
DE,Demanderesse ou demandeur d’emploi ; sans emploi​
DE,Direction de l'eau
DE,Directeur d'Enquête
DEA,Diplôme d’études approfondies
DEA,Direction de l'eau et de l'assainissement
DEAF,Diplôme D’état Assistant Familial
DEAMP,Diplome d’État d’Aide Médico-Psychologique
DEAS,Diplôme d’État d’Assistant de Service Social
DEASS,Diplome d’État d’Assistant de Service Social
DEAVS,Diplôme d’État D’auxiliaire De Vie Sociale
DECESF,Diplôme d’État de conseiller en économie sociale et familiale
DECP,Données essentielles de la commande publique
DECRIRE,Dispositif d’Exploitation et de Consultation des Résultats Inter-Régimes des Enveloppes
DEDPAD,Diplôme d’État de Directeur de Projet d’Animation et de Développement
DEEE,Déchets d’équipements électriques et électroniques
DEEJE,Diplome d’État d’Educateur de Jeunes Enfants
DEEP,Division des Établissements d’Enseignement Privé
DEES,Diplome d’État d’Educateur Specialise
DEETS,Diplôme d’État d’éducateur technique spécialisé (voir aussi CAFETS)
DEFA,Diplôme d’État aux Fonctions d’Animation
DEFI,Développement-Exportation-Formation-Image
DEFI,Délinquance Économique et FInancière
DEIS,Diplôme d’État D’ingénierie Sociale
DEJEPS,"Diplôme d’État de la jeunesse, de l’éducation populaire et du sport"
DELD,Demandeur d’emploi longue durée
DELPIA,Direction de l'exploitation et de la logistique pétrolières interarmées
DEME,Diplôme D’État De Moniteur Éducateur
DEP,Direction de l’Evaluation et de la Prospective
DEPAFI,Direction de l'Évaluation de la Performance et des Affaires Financières et Immobilières
DEPE,Délégués des entreprises pour l'emploi
DEPS,Diplôme d’État de Psychologue Scolaire
DERCI,Direction Europe de la recherche et coopération internationale
DERF,Direction de l'espace rural et de la forêt
DES,Département des études et des statistiques
DESCO,Direction de l’enseignement scolaires
DESJEPS,"Diplôme D’etat Supérieur De La Jeunesse, De L’éducation Populaire Et Du Sport"
DESMS,Directeur d’établissements sociaux et médico-sociaux
DESR,Division de l’Enseignement Supérieur et de la Recherche
DESS,Diplôme d’études supérieures spécialisées
DESS,Directeur d’établissements sanitaires et sociaux
DESU,Diplôme d’Études Supérieures Universitaires
DET,Direction de l'exécution du ou des contrats de travaux
DETH,Demandeur d’Emploi de Travailleur Handicapé
DETLD,Demandeurs D’emploi De Trés Longue Durée
DETR,dotation d'équipement des territoires ruraux
DEUG,Diplôme d'études universitaires générales
DEUP,Diplôme d’Etudes Universitaires Professionnalisées
DEXEL,Diagnostic environnement de l'exploitation de l'élevage.
DF,Division de la Formation (education nationale)
DFAS,"Direction des finances, des achats et des services"
DFC,Département de formation continue
DFCG,Division Financière et du Contrôle de Gestion
DFCI,Défense des forêts contre les incendies
DFM,Dotation de fonctionnement minimal
DFUE,Dotation Financière des Unités Élémentaires
DG,Direction générale.
DG,Dotation Globale
DG Sanco,Direction générale Santé et Protection des consommateurs de la Commission européenne
DGA,Délégation générale pour l'armement
DGA,Directeur général adjoint
DGA,Diplôme de Gendarme Adjoint
DGA,Direction générale de l'armement
DGAC,Direction générale de l'aviation civile
DGAFAI,"Direction générale de l'administration, des finances et des affaires internationales"
DGAFP,Direction générale de l’administration et de la fonction publique
DGAL,Direction générale de l'alimentation
DGALN,"Direction Générale de l’Aménagement, du Logement et de la Nature"
DGALN,"Direction générale de l'aménagement, du logement et de la nature"
DGARS,Directeur Général De L’agence Régionale De Santé
DGAS,Direction Générale Adjointe Des Solidarités.
DGAS,Direction générale de l’action sociale
DGASS,Direction générale de l'action sanitaire et sociale.
DGCCRF,"Direction générale de la concurrence, de la consommation et de la répression des fraudes"
DGCCRF,"Direction Générale de la Consommation, de la Concurrence et de la Répression des Fraudes"
DGCCRF,"Direction générale de la concurrence, de la consommation et de la répression des fraudes"
DGCID,Direction générale de la coopération internationale et du développement
DGCL,Direction générale des collectivités locales
DGCRF,Direction générale de la consommation et de la répression des fraudes
DGCS,Direction générale de la cohésion sociale
DGD,Décompte Général et Définitf
DGD,Dotation générale de décentralisation
DGD-R,Direction générale déléguée aux ressources
DGD-S,Direction générale déléguée à la science
DGDDI,Direction Générale des Douanes et Droits Indirects
DGDE,Dotation globale départementale d'équipement
DGE,Direction générale des entreprises
DGE,Dotation globale d'équipement
DGEC,Dotation globale d'équipement des communes
DGEF,Direction générale des étrangers en France
DGEFP,Délégation générale à l’emploi et à la formation professionnelle
DGES,Directeur général de l’Enseignement supérieur
DGESCO,Direction générale de l'enseignement scolaire
DGESIP,Direction générale de l'enseignement supérieur et de l'insertion professionnelle
DGF,Direction générale des forêts.
DGF,Dotation globale de fonctionnement
DGFIP,Direction générale des finances publiques
DGGN,Direction Générale de la Gendarmerie Nationale
DGI,Direction générale des impôts.
DGISES,Délégation générale à l’innovation sociale et à l’économie sociale (voir DGCS)
DGITM,"Direction Générale des Infrastructure, des Transports et de la Mer"
DGLTD,Délégation générale à la lutte contre la drogue et la toxicomanie
DGM,"Direction générale de la mondialisation, de la culture, de l'enseignement et du développement international"
DGMIC,Direction générale des médias et des industries culturelles
DGOS,Direction générale de l'offre de soins
DGPAS,Direction Générale De La Prévention Et De L’action Sociale
DGPE,Direction générale de la performance économique et environnementale des entreprises
DGPN,Direction générale de la police nationale.
DGRCST,"Direction générale des relations culturelles, scientifiques et techniques"
DGRH,Direction générale des ressources humaines.
DGRI,Direction générale de la recherche et de l'innovation
DGRST,Délégation générale à la recherche scientifique et technique
DGS,Directeur général de service
DGS,Direction générale de la santé
DGSCGC,Direction générale de la sécurité civile et de la gestion des crises
DGSCGC,Direction générale de la sécurité civile et de la gestion de crise
DGSE,Direction générale de la sécurité extérieure
DGSE,Direction Générale des Services Extérieurs
DGSI,Direction générale de la sécurité intérieure
DGSIC,Direction générale des systèmes d'information et de communication
DGSNR,Direction générale de la sûreté nucléaire et de radioprotection
DGST,Directeur général des services techniques
DGT,Direction générale des télécommunications
DGT,Division de la Gestion des Traitements
DGUHC,"Direction générale de l’urbanisme, de l’habitat et de la construction"
DGV,Data.gouv.fr
DHC,Direction de l'habitat et de la construction
DHEPE,Diplôme de Hautes Etudes des Pratiques en Entreprise
DHOS,Direction de l'hospitalisation et de l'organisation des soins
DHUP,"Direction de l’Habitat, de l’Urbanisme et des Paysages"
DHUP,"Direction de l'habitat, de l'urbanisme et des paysages"
DI,Direction de l'Instruction
DIA,Déclaration d'intention d'aliéner
DIA,Etudes de diagnostic
DIAT,Direction interministérielle pour l'accompagnement des transformations publiques
DIB,Déchets industriels banals
DIC,Droit à l'image collective
DICCILEC,Direction centrale du contrôle de l'immigration et de lutte contre l'emploi des clandestins (voir PAF)
DICCILEC,DIrection Centrale du Contrôle de l'Immigration et L'Emploi des Clandestins
DICEM,Déclaration et Identification de Certains Engins Motorisés
DICOD,Délégation à l'information et à la communication de la défense
DICOM,Délégation à l’information et à la communication (Ministères santé et affaires sociales)
DICOM,Délégation à l'information et à la communication
DICP,"Disponibilité, Intégrité, Confidentialité, Preuve"
DICRIM,Document d'information communal sur les risques majeurs
DIES,"Délégation interministérielle à l'innovation, à l'expérimentation sociale et à l'économie sociale"
DIF,Délégation interministérielle à la famille
DIF,Droit individuel à la formation
DIGES,Délégué interministériel aux grands événements sportifs
DIHAL,Délégation interministérielle à l'hébergement et à l'accès au logement
DIHP,Délégation de l'information historique pour la paix
DIIESES,"Délégation Interministérielle à L’innovation, à L’expérimentation Sociale Et à L’économie Sociale (voir Aussi DGCS)"
DIJ,Délégation interministérielle à l’insertion professionnelle et sociale des jeunes en difficulté
DIJA,Dotation d'installation aux jeunes agriculteurs
DIJI,Délégation interministérielle à l’insertion des jeunes
DILA,Direction de l’information légale et administrative (DILA) qui remplace la direction des journaux officiels (DJO)
DILA,Direction de l'information légale et administrative
DILCRA,Délégué interministériel à la lutte contre le racisme et l'antisémitisme
DILTI,Délégation interministérielle à la lutte contre le travail illégal
DIM,Département d’information Médicale
DINSIC,Direction Interministérielle du Numérique et des Systèmes d'Information et de Communication
DINSIC,Direction interministérielle du numérique et du système d'information et de communication de l’État
DINUM,Direction interministérielle du numérique
DIO,délégué interministériel à l’orientation
DIP,Direction interrégionale pénitentiaire.
DIPC,Document Individuel De Prise En Charge
DIPEC,Document Individuel De Prise En Charge
DIPH,Délégation interministérielle aux personnes handicapées
DIR,Direction interdépartementale des routes
DIRE,Direction Innovation et relations avec les entreprises
DIRECCTE,"Direction régionale des entreprises, de la concurrence, de la consommation, du travail et de l’emploi"
DIREN,Direction régionale de l'environnement.
DIRISI,Direction Interarmées des Réseaux d'Infrastructure et des Systèmes d'Information
DIRISI,Direction interarmées des réseaux d'infrastructure et des systèmes d'information de la défense
DIRMI,Délégation interministérielle au RMI
DIS,Déchets industriels spéciaux
DISAS,DIrection de la Solidarité et de l’Action Sociale
DISMO,Dispositif Insertion Sociale en Milieu Ordinaire
DISP,Direction interrégionale des services pénitentiaires
DISR,Délégation Interministérielle à la Sécurité Routière
DISS,Direction des interventions sanitaire et sociales
DIST,Direction de l'information scientifique et technique
DITP,Direction Interministérielle de la Transformation Publique
DIUFARC,Diplôme Inter Universitaire de Formation Assistant de Recherche clinique
DIV,Délégation interministérielle à la ville
DJA,Dose journalière admissible.
DJA,Dotation aux jeunes agriculteurs
DJC,Division juridique et contentieuse (Ministères santé et affaires sociales)
DJEPVA,"Direction de la Jeunesse, de l’Éducation Populaire et de la Vie Associative"
DJEPVA,"Direction de la jeunesse, de l'éducation populaire et de la vie associative"
DJIN,Dispensation Journalière Individuelle et Nominative des médicaments
DJO,Direction des journaux officiels (Remplacée par la DILA)
DJVA,Direction de la jeunesse et de la vie associative
DL,Détachement de Liaison
DLAS,Direction Locale de l'Action Sociale
DLC,Date limite de consommation.
DLNUF,Dites-le nous une fois
DLRO,Délai de réception des candidatures et des offres.
DM,Direct message ou message privé
DM,Dispositifs médicaux
DMA,Diplôme des métiers d’art
DMA,Délégation ministérielle à l'accessibilité
DMF,Direction des musées de France
DMI,Dispositifs Médicaux Implantables
DML,Demande de mise en liberté.
DMLA,Dégénérescence Maculaire Liée à L’âge
DMN,Direction de la météorologie nationale.
DMO,Délégation à la modernisation
DMOE,Directeur de Mise en Œuvre Explosif
DMOS,Diverses Mesures d’Ordre Sociale
DMP,Décret marchés publics
DMP,Dossier médical personnel
DMP,Dispositif Manuel de Protection
DMS,Dispositifs médicaux stériles
DMS,Durée Moyenne de Séjour
DMT,Déclaration De Médecin Traitant
DMT,Discipline Médico-tarifaire
DNB,"Diplôme National du Brevet, anciennement BEPC"
DNDR,Dotation Nationale de Développement des Réseaux
DNLF,Délégation nationale à la lutte contre la fraude
DNN,Distributeurs non nationalisés
DNO,Directive nationale d'orientation
DNP,Dotation nationale de péréquation
DNP,Direction de la nature et des paysages
DNRED,Direction nationale du renseignement et des enquêtes douanières
DO,Directeur des Opérations
DO2S,Détachement d'Observation et de Surveillance Statique
DOCUP,Document unique de programmation
DOETH,Déclaration obligatoire d'emploi des travailleurs handicapés (DOETH) de l'AGEFIPH
DOLAC,Directeur Opérationnel de Lutte Anti-Cambriolages
DOM,Département d'outre-mer
DOMINIC,Dotation Minimale de Convergence(et Médicaments)
DOPC,Direction de l'ordre public et de la circulation
DOS,Division de l’Organisation Scolaire
DOT,Défense opérationnelle du territoire
DP,Domaine public
DP,Dossier Pharmaceutique
DP,Détention provisoire.
DPA,Dossier du Patient
DPAC,Détenu pour autre cause.
DPAEP,Direction des Personnels et de l'Adaptation de l'Environnement Professionnel
DPAOS,"Direction des Personnels Administratifs, Ouvriers et de Service"
DPC,Développement Professionnel Continu
DPE,Diagnostic de performance énergétique
DPE,Division des Personnels Enseignants
DPF,Délégué Aux Prestations Familiales
DPF,Domaine public fluvial.
DPGF,Décomposition du Prix Global et Forfaitaire
DPI,Diagnostic préimplantatoire
DPI,Déclaration publique d'intérêts
DPIF,"Direction, Point à atteindre, Itinéraire, Formation"
DPJ,Direction de la police judiciaire.
DPJJ,Direction de la protection judiciaire de la jeunesse
DPLG,Diplômé par le gouvernement.
DPM,Direction de la population et des migrations
DPMGN,Direction du Personnel Militaire de la Gendarmerie Nationale
DPPR,Direction de la prévention des pollutions et des risques.
DPPSN,Direction de la Prospective et de la Planification de Sécurité Nationale
DPR,Dispositif de Propulsion à Retard
DPS,Détenu Particulièrement Sensible
DPS,Détenu particulièrement surveillé.
DPSD,Direction de la Protection et de de la Sécurité de la Défense
DPSD,Direction de la protection et de la sécurité de la défense
DPT,Document de politique transversale
DPU,Droit de préemption urbain
DPU,Droits à paiement unique
DQE,Détail Quantitatif Estimatif
DQSG,Diplôme de Qualification Supérieur de la Gendarmerie
DQTM,Diplôme de Qualification Technique en Montagne
DRAAF,"Direction Régionale de l'Alimentation, de l'Agriculture et de la Forêt"
DRAC,Directions régionales des affaires culturelles
DRAE,Délégué régional à l'architecture et à l'environnement.
DRAF,Direction régionale de l'agriculture et des forêts.
DRAJES,"Délégation régionale académique à la jeunesse, à l'engagement et aux sports"
DRASS,Direction régionale des affaires sanitaires et sociales
DRCE,Direction régionale du commerce extérieur
DRCI,Direction De La Recherche Clinique Et De L’innovation
DRDE,Direction régionale et départementale de l'équipement
DRDFE,Direction Régionale Au Droit Des Femmes Et à L’égalité (service De Préfecture)
DRDJSCS,"Directions régionales et départementales de la jeunesse, des sports, et de la cohésion sociale"
DRDR,Document Régional de Développement Rural
DRDR,Dotation Régionale de Développement des Réseaux
DRE,Direction régionale de l'équipement.
DREAL,Direction Régionale de l'Environnement de l'Aménagement et du Logement
DREDAD,"Direction régionale de l'écologie, de développement et d'aménagement durable."
DREE,Direction des relations économiques extérieures
DREES,"Direction de la recherche, des études, de l'évaluation et des statistiques"
DREETS,"Directions régionales de l'économie, de l'emploi, du travail et des solidarités"
DRES,Dotation régionale d'équipement scolaire
DRESS,"Direction de la Recherche,des Etudes, et de l’Evaluation et des Statistiques"
DRG,Délégation aux Réserves de la Gendarmerie
DRH,Direction des ressources humaines
DRH-DS,Bureau Organisation du dialogue social
DRH1,Sous-direction Ressources humaines ministérielles
DRH1B,Bureau Coordination des politiques ministérielles des ressources humaines - DRH1B
DRH2,Sous-direction Gestion des personnels et des parcours professionnels
DRH2A,Bureau Recrutement et valorisation des cadres supérieurs et des contractuels
DRH2B,"Bureau Recrutement et valorisation des personnels de catégories A, B et C"
DRH2D,"Bureau Concours, développement des ressources humaines et formation"
DRH3,Sous-direction Politiques sociales et conditions de travail
DRH3A,Bureau des politiques sociales
DRH3B,Bureau de la santé et de la sécurité au travail
DRIAAF,"Direction Régionale et interdépartementale de l'alimentation, de l'agriculture et de la forêt"
DRIEE,Direction régionale et interdépartementale de l'Environnement et de l'Énergie
DRIR,Direction régionale de l'industrie et de la recherche.
DRIRE,"Direction régionale de l'industrie, de la recherche et de l'environnement"
DRIRE,"Direction régionale de l’industrie, de la recherche, et de l’environnement"
DRISS,Direction régionale et interdépartementale de la santé et de la solidarité.
DRJS,Direction régionale de la jeunesse et des sports
DRJSCS,Direction régionale de la jeunesse et des sports et de la cohésion sociale
DRM,Délégation aux risques majeurs
DRM,Direction du Renseignement des Armées
DRM,Direction du renseignement militaire
DRONISEP,Délégation Régionale de l’Office National d’Information sur les Enseignements et les Professions
DRPI,Détection des Ressources Patrimoniales Injustifiées
DRPJJ,Direction Régionale de la Protection Judiciaire de la Jeunesse
DRRC,Direction Régionale de la Recherche Clinique
DRSD,Direction du Renseignement et de la Sécurité de la Défense
DRSM,Direction Régionale du Service Médical
DRSS,Direction régionale du service de santé.
DRT,Direction des relations du travail
DRTE,Direction régionale du travail et de l’emploi
DRTEFP,"Direction régionale du travail, de l’emploi et de la formation professionnelle"
DS,Directeur de soins
DS,Détachement de Surveillance
DSAC,Direction de la sécurité de l'aviation civile
DSAF,Direction des services administratifs et financiers
DSCR,Direction de la sécurité et de la circulation routières.
DSCR,Délégation à la sécurité et à la circulation routières
DSD,Direction de la Solidarité Départementale(voir aussi DSI où DISS)
DSDEN,Direction des services départementaux de l'Éducation nationale
DSDS,Direction de la Santé et du développement Social (Voir aussi DDASS)
DSF,Direction des services fiscaux.
DSF,Direction du Soutien Financier
DSFIM,"Direction de la stratégie financière, de l'immobilier et de la modernisation"
DSI,Démarche de Soins Infirmiers
DSI,Diffusion sélective d’information
DSI,Directeur des systèmes d’information
DSI,Direction de la solidarité et de L’insertion (Conseil général du Var)
DSI,Dossier de Soins Informatisés
DSI,Dotation spéciale pour le logement des instituteurs
DSI,Détachement de Sécurité et d'Intervention
DSI,Délégation aux systèmes d'information
DSI,Direction des systèmes d'information
DSI,Département des systèmes d'information
DSIL,dotation de soutien à l'investissement local
DSIN,Direction de la sûreté des installations nucléaires
DSIO,Directeur des systèmes d’information et de l’organisation
DSL,Développement Social Local
DSN,Déclaration Sociale Nominative
DSND,Délégation à la sûreté nucléaire et à la radioprotection pour les activités et les installations intéressant la défense
DSND,Délégué à la sûreté nucléaire et à la radioprotection pour les activités et installations intéressant la défense
DSP,Délégation de Service Public
DSP,Département De Santé Publique
DSPAP,Direction de la sécurité de proximité de l’agglomération parisienne
DSPAP,Direction de la sécurité de proximité de l’agglomération parisienne
DSQ,Développement social des quartiers
DSR,Dotation de solidarité rurale
DSS,Direction de la sécurité sociale
DSS,"Direction de la solidarité et de la santé (voir aussi DDASS, DSDS)"
DST,Développement Social Territorial
DST,Direction de la surveillance du territoire
DST,Division des Soit-Transmis ou Direction de la Surveillance du Territoire
DSTS,Diplôme supérieur du travail social
DSU,Développement social urbain
DSU,Dotation de solidarité urbaine
DSUCS,Dotation de solidarité urbaine et de cohésion sociale
DSV,Direction des services vétérinaires
DT,Déclaration de travaux.
DT,Demande de Travail ou Diplôme Technique
DTA,Directive territoriale d'aménagement.
DTARS,Délégation Territoriale De L’agence Régionale De Santé
DTEMF,"Direction technique Eau, mer et fleuves"
DTITM,Direction technique Infrastructures de transport et matériaux
DTJJ,Direction Territoriale De La Protection Judiciaire De La Jeunesse.
DTQD,Déchets toxiques en quantités dispersées.
DTS,Droits de Tirages Spéciaux (SDR pour Special Drawing Rights)
DTSIC,Diplôme Technique des Systèmes de l'Information et de la Communication
DTTV,Direction technique Territoires et ville
DTU,Document Technique Unifié
DU,Diplôme Universitaire
DUATIC,Diplôme Universitaire d’Assistant Technicien de l’Information et de la Communication
DUME,Document unique de marché européen
DUP,Déclaration d'utilité publique.
DUT,Diplôme universitaire de technologie
DVA,Dossier de voirie d'agglomération
DcANT,Développement concerté de l'administration numérique territoriale
DlJ,Délégation interministérielle à l’insertion professionnelle et sociale des jeunes en difficulté
DoD,Definition of Done
E-Certis,E-Certis est une base de données de certificats en ligne de la Commission européenne.
E-Procurement,Procédé d’approvisionnement via internet
E2IR,Enquêteur Immigration Irrégulière
EA,Enseignement agricole
EA,Entité Adjudicatrice
EA,Entreprise Adaptée
EA,État annuel des certificats reçus
EA,European Accreditation
EAO,Enseignement assisté par ordinateur
EARL,Exploitation agricole à responsabilité limitée
EAS,École européenne d'administration
EBC,Espace boisé classé
EBD,Examen Bucco-Dentaire
ECASGN,Établissement Central de l'Administration et du Soutien de la Gendarmerie Nationale
ECDC,European Center for Disease Prevention and Control
ECLPN,Établissement central logistique de la police nationale
ECPAD,Établissement de communication et de production audiovisuelle de la défense
ECS,Ensemble Contre le SIDA
ECTS,European Credit Transfer and Accumulation System (Système européen de transfert et d’accumulation de crédits)
ECU,European currency unit (Unité de compte européenne)
EDAVS,Equipe Départementale d’Animation Vie Scolaire
EDDF,Engagement de développement de la formation
EDEC,Engagements de Développement de l’Emploi et des Compétences
EDEFS,"Établissement D’Éducation, De Formation Et De Soins"
EDEI,Élevage à dimension économique insuffisante
EDEN,Encouragement au développement d'entreprises nouvelles
EDF,Électricité de France
EDI,Echange de Données Informatisées
EDL,Éléments de langage
EDSR,Escadron Départemental de Sécurité Routière
EEAP,Établissements Pour Enfants Et Adolescents Polyhandicapés
EEE,Espace Economique Européen
EEMSM,Étude et Emploi des Moyens de Secours en Montagne
EFAP,Ecole française des Attachés de Presse
EFD,Enquêteur en Fraude Documentaire
EFG,Établissement Français des Greffes (remplacé depuis 207 par l’agence de la biomédecine)
EFS,Établissement français du sang
EG,Elèves Gendarmes
EGESS,États Généraux De L’économie Sociale Et Solidaire
EGI,Établissement Géographique Interarmées
EGM,Escadron de Gendarmerie Mobile
EGOS,États Généraux de l’Organisation de la Santé
EGPA,Enseignement Général et Professionnel Adapté
EH,Équivalent-habitant
EHESP,École des Hautes Études en Santé Publique
EHESS,Ecole des Hautes Etudes en Sciences Sociales
EHESS,École des hautes études en sciences sociales
EHPA,Établissement d’Hébergement pour Personnes Âgées
EHPAD,Établissement hébergeant des personnes âgées dépendantes
EI,Entreprise D’insertion
EID,Entente interdépartementale pour la démoustication du littoral méditerranéen
EIEF,"Escroquerie, Infraction Économique ou Financière"
EIG,Entrepreneur d'Intérêt Général
EIG,Evénement Indésirable Grave
EIRL,Entreprise individuelle à responsabilité limitée
EJE,Educateur jeunes enfants
EJF,Enfance Jeunesse Famille
ELCS,Elus locaux Contre le SIDA
ELD,Éléments de Langage et de Discours
ELSA,Equipes de Liaison et de Soins en Addictologie
ELSM,Échelon Local du Service Médical
EMAS,"Eco-Management and Audit Scheme, système communautaire de management environnemental et d’audit"
EME,Externat Médico-Educatif
EMEA,Agence européenne des médicaments
EMGI,Évolution moyenne de la grille indiciaire
EMIA-FE,État-major interarmées de force et d'entraînement
EMOP,Equipe Mobile d’Ouvriers Professionnels
EMP,Établissement médico-psychologique
EMS,Équipe médico-sociale
EMSM,Ensemble Modulaire de Stockage de Munition
EMSP,Equipe Mobile de Soins Palliatifs
EMT,Emergency médical technician
EN,Ecole Normale (Terme remplacé par IUFM)
EN,Éducation nationale
EN3S,École Nationale Supérieure de Sécurité Sociale
ENA,École nationale d'administration
ENAC,École nationale de l’aviation civile
ENACT,École nationale d’administration des cadres territoriaux
ENAP,École nationale d’administration pénitentiaire
ENCCRF,"École nationale de la concurrence, de la consommation et de la répression des fraudes"
ENCP,Evaluation de niveau des compétences professionnelles
ENE,École nationale d’équitation
ENESAD,Établissement national d'enseignement supérieur agronomique de Dijon
ENFA,École nationale de formation agronomique de Toulouse - Auzeville
ENG,Ecole Nationale des Greffes
ENG,École nationale des greffes
ENGEES,École nationale du génie de l'eau et de l'environnement de Strasbourg
ENGREF,"École nationale du génie rural, des eaux et forêts"
ENIM,Établissement national des invalides de la marine
ENM,École nationale de la magistrature
ENM,École nationale de la météorologie
ENMM,École nationale de la marine marchande
ENNA,Ecole Normale Nationale d’Apprentissage
ENP,Ecole Nationale de Perfectionnement
ENPC,École nationale des ponts et chaussées - Paris Tech
ENPJJ,Ecole Nationale de la Protection Judiciaire de la Jeunesse
ENPJJ,École nationale de protection judiciaire de la jeunesse
ENR,Énergies renouvelables
ENS,École normale supérieure
ENSA,École nationale de ski et d'alpinisme
ENSAD,École nationale supérieure des arts décoratifs
ENSAE,École nationale de la statistique et de l'administration économique.
ENSAE Paris Tech,École nationale de la statistique et de l'administration économique
ENSAI,École nationale de la statistique et de l'analyse de l'information
ENSAM,École nationale de la sécurité et de l'administration de la mer
ENSD,Espace naturel sensible des départements
ENSG,École nationale des sciences géographiques
ENSM,École nationale des sports de montagne
ENSM,École nationale supérieure maritime
ENSM,Ecole Nationale Supèrieure Maritime
ENSMP,École nationale supérieure des mines de Paris - Mines ParisTech
ENSOA,École nationale des sous-officiers d'active - Saint-Maixent-L'École
ENSOP,Ecole Nationale Supérieure des Officiers de Police
ENSOSP,École nationale des officiers de sapeurs pompiers
ENSOSP,École nationale supérieure des officiers de sapeurs-pompiers
ENSP,Ecole Nationale de Santé Publique
ENSP,École nationale supérieure de police
ENSP,École nationale supérieure du paysage de Versailles
ENSP,École nationale supérieure de la police
ENSP Arles,École nationale supérieure de la photographie
ENSSIB,École nationale supérieure des sciences de l'information et des bibliothèques
ENSTA Paris Tech,École nationale supérieure de techniques avancées
ENT,Espace Numérique De Travail
ENTE,École nationale des techniciens de l'équipement
ENTPE,École nationale des travaux publics de l'État
ENV,École nationale de voile
ENVSN,École nationale de voile et des sports nautiques
EOGN,École des Officiers de la Gendarmerie Nationale
EOR,Élève-Officier de la Réserve
EP,Entente Préalable
EP,Établissement public
EPA,Ecole de plein-air
EPA,Établissement public à caractère administratif
EPA,Établissements publics à caractère administratif
EPAD,Établissement public pour l'aménagement de la Défense
EPARECA,Établissement public d’aménagement et de reconstruction des espaces commerciaux et artisanaux
EPCA,Établissement Public à Caractère Administratif
EPCC,Établissement public de coopération culturelle
EPCI,Établissement public de coopération intercommunale
EPCSC,Établissement public à caractère scientifique et culturel
EPDSAE,"Établissement Public Départemental de Soins, d’Adaptation et d’Éducation"
EPE,Ecole des parents et éducateurs
EPF,Enquête Périnatale Française
EPF,Établissement public foncier (état)
EPFIA,European Federation of Pharmaceutical Industries and Associations
EPFL,Établissement public foncier local
EPGV,Education Physique et Gymnastique Volontaire
EPHE,École pratique des hautes études
EPI,Equipement de protection individuelle
EPI,Étude prévisionnelle d'installation.
EPIC,Établissements publics industriels et commerciaux
EPIDe,Établissement public d'insertion de la Défense
EPL,Établissement public local.
EPLE,Établissements publics locaux d'enseignement
EPM,Établissements pénitentiaires pour mineurs
EPMO,Emploi Protégé en Milieu Ordinaire
EPMOTC,Établissement public chargé de la maîtrise d’ouvrage de travaux culturels
EPMS,Établissement Public Médico-social
EPMS,Éducation Physique Militaire et Sportive
EPN,Établissement public national
EPORA,Établissement public foncier de l'Ouest Rhône-Alpes
EPP,Evaluation des Pratiques Professionnelles
EPPM,Enquéte Permanente sur la Prescription Médicale
EPR,Établissement public régional
EPR,Réacteur européen à eau pressurisée
EPRD,État prévisionnel des dépenses et des recettes
EPS,Éducation physique et sportive
EPS,Établissement Public de Santé
EPSCP,"Établissement public à caractère scientifique, culturel et professionnel"
EPSF,Établissement public de la sécurité ferroviaire
EPSM,établissement Public de Santé Mentale (ex CHS)
EPSO,Office européen de sélection du personnel
EPSR,Equipe de préparation et de suite du reclassement des personnes handicapées
EPSS,École Pratique De Service Social
EPST,Établissement public à caractère scientifique et technique
EPTB,Établissement public territorial de bassin
EPU,Enseignement postuniversitaire
EQTP,Équivalents temps plein annualisés
ER,Emplacement réservé
ER,Énergie renouvelable
ER,Enseignant Référent
ERA-NET,E-Rare European Research Area Network sur les maladies rares
ERAFP,Établissement de retraite additionnelle de la fonction publique
ERAP,Entreprise de recherche et d'activités pétrolières
ERASME,"Extraction, Recherche et Analyse pour un Suivi Médico-Économique"
ERASMUS,Programme d'action de la communauté européenne en matière de mobilité des étudiants universitaires.
ERD,Électricité réseau de distribution
ERDF,Électricité réseau distribution France
ERDV,Établissement régional pour déficients visuels
EREA,Établissement Régional d’Enseignement Adapté
ERIS,Equipe Régionale d'Intervention et de Sécurité
ERNT,État des risques naturels technologiques
ERP,Enterprise Resource Planning (progiciel de gestion intégré)
ERP,Établissement recevant du public
ERTS,Ecole regionale en travail social
ES,Educateur Spécialisé
ESA,European Space Agency
ESAT,Établissement et Service d’Aide par le Travail (anciennement CAT)
ESB,Encéphalopathie spongiforme bovine
ESEN,École supérieure de l’éducation nationale
ESENESR,"École supérieure de l'éducation nationale, de l'enseignement supérieur et de la recherche"
ESF,Économie sociale et familiale
ESHM,École Spéciale pour Handicapés Moteurs
ESI,Étranger en Situation Irrégulière
ESMS,établissements et Services sociaux et Médico-Sociaux
ESO,Economique et Sociale
ESOG,École de Sous-Officiers de Gendarmerie
ESP,Espace service public.
ESPIC,Établissement de santé privé d’intérêt collectif (dans le cadre de la loi HPST)
ESQ,Etudes d'esquisse
ESR,Engagement au Service de Réserve
ESS,Économie sociale et solidaire
ESSMS,Établissements Et Services Sociaux Et Médico-sociaux
ESTHER,Ensemble pour une Solidarité Thérapeutique Hospitalière en Réseau
ETAC,Établissement de contrôle de Cherbourg
ETC,Employé technique de collectivité
ETI,Enquêteur Travail Illégal
ETP,Éducation Thérapeutique du Patient
ETP,Équivalent temps plein
ETP,Établissement de travail protégé
ETPE,Équivalent temps plein emploi
ETPF,Équivalent temps plein financier
ETPR,Équivalent temps plein rémunéré
ETPT,Equivalents temps plein travaillés
ETR,Equipe technique de reclassement
ETS,Educateur technique spécialisé
ETS,Établissement de santé
ETSI,European Telecommunications Standards Institute (Voir : organismes de normalisation)
ETT,Entreprise de travail temporaire
ETTI,Entreprises de travail temporaire d'insertion
EUMESTAT,European Meteorology Satellite (Organisation européenne pour l'exploitation de satellites météorologiques)
EUMETSAT,Organisation européenne pour l'exploitation des satellites météorologiques
EURATOM,Communauté européenne de l'Énergie atomique.
EUREKA,European research coordination agency (Agence de coordination pour la recherche européenne)
EURL,Entreprise unipersonnelle à responsabilité limitée
EUROCONTROL,Organisation européenne pour la sécurité de la navigation aérienne
EUTELSAT,European telecommunications satellite organisation (Organisation européenne de télécommunications par satellite)
EVA,Echelle Visuelle Analogique
EVS,Emploi de vie scolaire
EXE,études d'EXEcution et de synthèse
Eurordis,European Organization for Rare Diseases
FA,Famille D’accueil
FAAS,Fonds additionnel d'action sociale
FACE,Fonds d'amortissement des charges d'électrification
FACT,Fonds d'amélioration des conditions de travail
FAD,Formation À Distance
FADIL,Fonds d'aide au développement de l'intérieur et des îles
FAE,Foyer d’action éducatif
FAED,Fichier automatisé des empreintes digitales
FAED,Fichier Automatisé d'Empreintes Digitales
FAF,Fond d’action formation
FAG,Force Aérienne de la Gendarmerie
FAGE,Fédération des Associations Générales Etudiantes
FAGERH,Fédération des associations gestionnaires d’établissements de réadaptation pour handicapés
FAI,Fonds d'aide à l'investissement
FAIJ,Fond d’aide à l’insertion des jeunes
FAIL,Fonds d’aides aux impayés de loyer
FAIP,Formateur Accompagnateur En Insertion Professionnelle
FAJ,Fond d’Aide aux Jeunes
FAM,Foyer d’Accueil Médicalisé
FAMAS,Fusil d’Assaut de la Manufacture d'Armes de Saint-Étienne
FAMEXA,Fonds Social De L’assurance Maladie Des EXploitants Agricoles
FAMPHV,Foyer d’Accueil Médicalisé pour Personnes Handicapées Vieillissantes
FAO,Food and agriculture organisation (Organisation des Nations unies pour l'alimentation et l'agriculture)
FAP,Fondation Abbé Pierre
FAP,Fusil À Pompe
FAQSV,Fonds d'aide à la qualité des soins de ville
FAR,Fonds d'aménagement rural.
FAR,Force d'action rapide
FARD,Fonds d’aide aux accédants à la propriété en difficulté
FARG,Fonds d’aide au relogement et de garantie
FARI,Fonds d'aide à la recherche et à l'innovation
FARIF,Fonds d’aménagement de la région Ile-de-France
FARIT,Fonds d'aide à la recherche et à l'innovation dans les transports
FARU,Fonds d'aide au relogement d'urgence
FAS,Fonds d'action sociale pour les travailleurs immigrés et leurs familles
FASASA,Fonds d'action sociale pour l'aménagement des structures agricoles
FASID,Fonds d’action et de soutien pour l’intégration et la lutte contre les discriminations
FASILD,Fonds d'action et de soutien pour l'intégration et la lutte contre les discriminations
FASS,Fonds d'action sanitaire et sociale
FASTT,Fonds d’Action Sociale du Travail Temporaire
FATAC,Force aérienne tactique
FATH,Foyer pour Adultes Travailleurs Handicapés
FAU,Fonds d'aménagement urbain
FAU,Forfait d’accueil des Urgences
FBCF,Formation brute de capital fixe
FBF,Fédération bancaire française.
FBI,foncier bâti industriel
FCA,France Connect Agent
FCAATA,Fonds de cessation anticipée d'activité des travailleurs de l'amiante
FCC,Formation Continue Conventionnelle
FCE,Forces Conventionnelles en Europe
FCIL,Formation Complémentaire d’Initiative Locale
FCPE,Fonds communs de placement d'entreprise
FCPI,Fonds communs de placement dans l'innovation
FCPP,Fonds communs de placement de proximité
FCS,Fournitures Courantes et Services
FCSB,
FCSF,La Fédération des centres sociaux (et socioculturels) de France
FCSSC,Fédération des centres sociaux et socio-culturels
FCTVA,Fonds de compensation pour la TVA
FD-1,Sous-direction Stratégie et moyens de la politique immobilière de l'État
FD-1A,Bureau Stratégie et expertise de la politique immobilière de l'État
FD-1B,Bureau Budget et inventaire immobilier
FD-2,Sous-direction Réglementation domaniale et gestion immobilière et domaniale de l'État
FD-2A,Bureau Gestion immobilière et domaniale de l'État
FD2-2B,Bureau Réglementation domaniale et expertise juridique
FDA,Food and Drug Administration
FDCH,Fonds Départemental de Compensation du Handicap
FDCR,Fonds de correction des déséquilibres régionaux
FDES,Fonds de développement économique et social
FDF,Fondation de France
FDIT,Fonds pour le développement de l'intermodalité dans les transports
FDPTP,Fonds départemental de péréquation de la taxe professionnelle
FDR,Feuille De Route
FDT,Foyer Double Tarification (devenu FAM)
FDV,Foyer De Vie
FEADER,Fonds Européen agricole pour le développement rural
FEAH,Foyer d’Hébergement pour Adultes Handicapés
FEC,Fonds d'égalisation des charges
FECL,Fonds d'équipement des collectivités locales
FECOM,Fonds européen de coopération monétaire.
FED,Fonds européen de développement
FEDER,Fonds européen de développement régional
FEDOM,Fonds pour l'emploi dans les départements d'outre-mer
FEE,France énergie éolienne.
FEGAPEI,Fédération des associations gestionnaires d’établissements et services pour personnes handicapées (nouvelle dénomination de SNAPEI depuis 2005)
FEHAP,Fédération des établissements hospitaliers et d’assistance privée à but non lucratif
FEI,Fonds européen d'investissement.
FEN,Fiche Emploi Nuisances
FENAAH,Fédération nationale des administrateurs ad hoc
FEOGA,Fonds européen d'orientation et de garantie agricole
FEPEM,Fédération des Particuliers Employeurs
FERS,Fédération européenne de recherche sur le SIDA et les infections rétrovirales humaines
FFAA,Fédération Française de l’Alcoologie Ambulatoire
FFAP,Fédération française des agences de presse
FFCHAA,La Fédération Française des Centres d’Hygiène Alimentaire et d’Alcoologie (devenue FFAA)
FFGH,Fédération française de génétique humaine
FFIPSA,Fonds de financement des prestations sociales des non-salariés agricoles
FFMJC,Fédération Française des Maisons des Jeunes et de la Culture
FFN,Fonds forestier national
FFP,Fédération de la formation professionnelle
FFPM,Fédération française des pécheurs en mer
FFPPS,Fonds de la formation professionnelle et de la promotion sociale
FFRR,Formation des Formateurs Référents Retex
FGA,Fond Garantie Des Assurances.
FGAO,Fonds de garantie des assurances obligatoires de dommage
FGAO,Fonds de garantie des assurances obligatoires de dommages ou Fonds de garantie
FGAS,Fonds de garantie de l'accession sociale
FGE,Fichier général de l’État
FGER,Fonds de gestion de l'espace rural
FGMN,Fonds de gestion des milieux naturels
FGTI,Fond Garantie Des Victimes D’actes De Terrorisme Et D’autres Infractions.
FGTI,Fonds de garantie des victimes des actes de terrorisme et d'autres infractions
FH,Foyer d’Hébergement
FHA,Foyer D’hébergement D’accompagnement
FHF,Fédération hospitalière de France
FHP,Fédération de l’Hospitalisation Privée
FHT,Foyer D’hébergement Traditionnel
FI,Formation intégrée
FIA,Formation Initiale d'Application
FIAC,Foire internationale d'art contemporain
FIAM,Fonds d'intervention pour l'auto-développement en montagne
FIANE,Fonds d'intervention et d'action pour la nature et l'environnement
FIAT,Fonds d'intervention pour l'aménagement du territoire
FIATA,Fonds d'intervention pour les aéroports et le transport aérien
FIC,Fonds d'intervention culturelle
FIC,Forum International de la Cybersécurité
FICA,Fondation à l'initiative créatrice artisanale
FICE,Fonds d'indemnisation des commissaires enquêteurs.
FICP,Fichier Des Incidents De Remboursement Des Crédits Aux Particuliers
FICQS,Fonds d’Intervention pour la Qualité et pour la coordination des Soins
FIDA,Fonds international pour le développement avicole
FIDAR,Fonds interministériel de développement et d'aménagement rural
FIDD,Fonds d'investissement en développement durable.
FIDE,Fédération internationale pour le droit européen.
FIDEME,Fonds d'intervention pour l'environnement et la maîtrise de l'énergie.
FIDES,facturation individuelle des établissements de santé
FIDES,Fonds d'investissement pour le développement économique et social
FIDIL,Fonds pour l'intervention et le développement des initiatives locales
FIDOM,Fonds d'investissement des départements d'outre-mer
FIJAIS,FIchier Judiciaire des Auteurs d'Infractions Sexuelles
FIM,Fonds industriel de modernisation
FIMHO,Fonds d'investissement pour la modernisation des hôpitaux
FINESS,Fichier national des établissements sanitaires et sociaux
FING,Fondation Internet Nouvelle Génération
FINUL,Force intérimaire des Nations unies au Liban
FIOM,Fonds d'intervention et d'organisation des marchés des produits de la pêche maritime et de la conchyliculture
FIP,Fonds d'investissement de proximité
FIPD,Fonds interministériel de prévention de la délinquance
FIPE,Fonds d'investissement pour la petite enfance
FIPH-FP,Fonds d'insertion des personnes handicapées dans la fonction publique
FIPHFP,Fonds pour l'insertion des personnes handicapées dans la fonction publique
FIPN - RAID,"Force d'intervention de la police nationale - Service Recherche, assistance, intervention et dissuasion"
FIPOL,Fonds international d'indemnisation pour les dommages dus à la pollution par les hydrocarbures
FIQCS,Fonds d'intervention pour la qualité et la coordination des soins
FIQV,Fonds interministériel pour la qualité de la vie
FIR,Fonds d'investissement routier
FIR,Fiche Individuelle de Renseignement
FIRS,Fonds d'intervention et de régularisation des marchés du sucre
FIRST,Formation intervention recherche SIDA toxicomanie
FIRU,Fonds d'intervention pour le renouvellement urbain.
FISAC,Fonds d'intervention pour la sauvegarde de l'artisanat et du commerce
FISAF,Fédération nationale pour l’Insertion des Sourds et des Aveugles en France
FIT,Foyer d’Insertion et de Transition
FITH,Fonds d'indemnisation des transfusés et hémophiles
FITPAT,Fédération française interprofessionnelle pour le traitement et la prévention de l’alcoolisme et autres toxicomanies
FITTVN,Fonds national d'investissement des transports terrestres et des voies navigables
FIV,Fonds d'intervention pour la ville
FIVA,Fonds d'indemnisation des victimes de l'amiante
FJT,Foyer de Jeunes Travailleurs
FL,Foyer Logement
FLES,Fond Local Emploi Solidarité
FLM,Foyer Logement Médicalisé
FLNC,Front de libération nationale de la Corse
FLNKS,Front de libération nationale kanak socialiste
FMC,Formation Médicale Continue
FMDI,Fonds de mobilisation départementale pour l'insertion
FME,Fonds monétaire européen.
FMESPP,Fonds pour la modernisation des établissements de santé publics et privés
FMF,Fédération des médecins de France
FMH,Fédération des Malades et Handicapés
FMH,Formation Militaire et Humaine
FMI,Fonds monétaire international
FMMG,Fédération des Maisons Médicales de Garde
FMO,Fédération des maladies orphelines
FMO,Force multinationale et d'observateurs
FMVM,Fédération des maires de villes moyennes.
FN3S,Fédération nationale des services sociaux spécialisés de protection de l’enfance et de l’adolescence en danger
FNAAFP,Fédération nationale des associations de l’aide familiale populaire
FNAAMF,Fédération nationale des associations pour l’aide aux mères de famille à domicile
FNAAPFCSF,Fédération nationale des associations de l’aide familiale populaire Confédération syndicale des familles
FNAC,Fédération nationale d'achat des cadres
FNACA,Fédération nationale des anciens combattants en Algérie
FNADAR,Fédération nationale des associations de l’aide à domicile des retraités regroupé avec la FNAFAD au sein de l’ADESSA
FNADT,Fonds National d’Aménagement et de Développement du Territoire
FNAEG,Fichier National Automatisé d'Empreintes de la Génétiques
FNAFAD,Fédération Nationale d’Aide Familiale A Domicile rasemblé deopuis 2002 avec la FNADAR au Sein de l’ADESSA
FNAFR,Fédération nationale des associations de familles rurales
FNAFU,Fonds national d'aménagement foncier et d'urbanisme
FNAH,Fonds national d'amélioration de l'habitat
FNAH,Fonds national d'amélioration de l'habitat.
FNAILS,Fichier National des Auteurs d'Infractions à la Législation sur les Stupéfiants
FNAIM,Fédération nationale des agents immobiliers
FNAL,Fonds national d'aide au logement
FNAPI,Fichier National Automatisé des Personnes Incarcérées
FNAPSY,Fédération Nationale des Patients et Ex-Patients de Psychiatrie
FNARS,Fédération nationale des associations d’accueil et de réinsertion sociale
FNASAT,Fédération Nationale Des Associations Solidaires D’action Avec Les Tsiganes Et Les Gens Du Voyage
FNASS,Fond National d’Action Sanitaire et Sociale
FNASSPA,Fonds national d’action sanitaire et sociale en faveur des personnes âgées
FNAT,Fonds national d'aménagement du territoire
FNATH,Fédération nationale des accidentés du travail et des handicapés
FNB,Fédération nationale du bâtiment.
FNBTP,Fédération nationale du bâtiment et des travaux publics.
FNC,Fédération nationale des chasseurs
FNC,Fichier National Canin
FNCAUE,"Fédération nationale des conseils d'architecture, d'urbanisme et d'environnement."
FNCCR,Fédération nationale des collectivités concédantes et des régies
FNCDG,Fédération nationale des centres de gestion
FNCE,Fédération nationale des caisses d'épargne.
FNCEJ,Fédération nationale des compagnies d'experts judiciaires.
FNCLCC,Fédération Nationale des Centres de Luttes Contre le Cancer
FNDA,Fonds national de développement agricole
FNDA (ou FNDVA),Fonds national pour le développement de la vie associative
FNDAE,Fonds national pour le développement des adductions d'eau
FNDAT,Fonds national de développement et d'aménagement du territoire
FNDS,Fonds national pour le développement du sport
FNDVA,Fonds national de développement de la vie associative
FNE,Fonds national de l'emploi
FNE,France nature environnement.
FNECLD,Fonds national de l’emploi pour les chômeurs de longue durée
FNEFI,Fonds national pour l’emploi des femmes isolées
FNEHAD,Fédération Nationale des Établissements d’Hospitalisation A Domicile
FNEPE,Fédération nationale des écoles des parents et des éducateurs
FNES,Fédération Nationale des comités d’Education pour la Santé
FNFM,Fichier National du Faux Monnayage
FNG,Fonds national de gérontologie
FNGCA,Fonds de garantie des calamités agricoles
FNGS,Ancienne appellation de AGS : Fonds National de Garantie des Salaires
FNH,Fonds national de l’habitat
FNHR,Fédération nationale de l’habitat rural
FNI,Forces nucléaires intermédiaires
FNIADA,Fichier National des Interdits d'Acquisition et de Détention d'Armes
FNIS,Fichier National des Interdits de Stade
FNISASIC,Fédération Nationale Des Institutions Sanitaires Et D’action Sociale D’inspiration Chrétienne
FNLC,Front national de libération de la Corse
FNMF,Fédération Nationale de la Mutualité Française
FNMIP,"Fédération nationale des malades, infirmes et paralysés"
FNOPHLM,Fédération Nationale des Offices Publics d’HLM
FNORS,Fédération Nationale des Observatoires Régionaux de la Santé
FNOS,Fichier National d'Objectifs en matière de Stupéfiants
FNP,Fonds national de péréquation
FNPC,Fichier National des Permis de Conduire
FNPEIS,Fonds National de Prévention d’Éducation et d’Information Sanitaires
FNPF,Fédération nationale de la presse française.
FNPF,Fonds national des prestations familiales
FNPS,Fichier National des Professionnels de Santé
FNS,Fonds national de la science
FNS,Fonds national de solidarité
FNSAGA,Fédération nationale des syndicats d'agents généraux d'assurance
FNSAHLM,Fédération Nationale des sociétés d’HLM
FNSE,Fonds national de solidarité pour l'eau
FNSEA,Fédération nationale des syndicats d'exploitants agricoles
FNSEM,Fédération nationale des sociétés d'économie mixte.
FNSP,Fondation nationale des sciences politiques
FNSSS,Fédération nationale des services sociaux spécialisés de protection de l’enfance et de l’adolescence en danger
FNTP,Fédération nationale des travaux publics.
FNUAP,Fonds des Nations unies pour les activités en matière de population
FNUD,Fonds des nations unies pour le développement.
FNULAD,Fonds des Nations unies pour la lutte antidrogue
FO,Force ouvrière
FO,Foyer Occupationnel
FOA,Foyer Occupationnel pour Adultes
FOL,Fédération des oeuvres laïques
FOLE,"Franchissement, Observation, Liens, Effraction"
FOMECBLOT,"Fond et forme, Ombres, Mouvement, Éclats, Couleurs, Bruit, Lumières, Odeurs, Traces"
FOMECS,"Forme, Ombre, Mouvement, Éclats, Couleurs, Silence"
FONGECIF,Fonds pour la gestion du congé individuel de formation
FONGEFOR,Fonds national de gestion paritaire de la formation professionnelle continue
FONJEP,Fonds de coopération de la jeunesse et de l'éducation populaire
FONPEL,Fonds de pension des élus locaux
FOPIM,Fonds de promotion de l'information médicale et médico-économique
FOREC,Fonds de financement de la réforme des cotisations patronales de sécurité sociale
FORMA,Fonds d'orientation et de régularisation des marchés agricoles
FORS,Fondation pour la recherche sociale
FOST,Force océanique stratégique
FOT,Foyer Opérationnelle Thérapeutique
FOVeS,Fichiers des Objets et Véhicules Signalés
FPA,Formation professionnelle des adultes
FPA,Foyer de personnes âgées
FPC,Formation professionnelle continue
FPC,Formation Professionnelle Conventionnelle
FPC,Fiche de Prise en Compte
FPE,Fonction publique de l’État
FPH,Fonction publique hospitalière
FPIL,Formation Professionnelle d’Initiative Locale
FPNRF,Fédération des parcs naturels régionaux de France
FPPC,Finalité Principale de Prise en Charge
FPPSE,"Formation professionnelle, de la promotion sociale et de l’emploi"
FPR,Fichier des Personnes Recherchées
FPRNM,Fonds de prévention des risques naturels majeurs
FPSPP,Fond Paritaire De Sécurisation Des Parcours Professionnels
FPT,Fonction publique territoriale
FPTA,Fonds de péréquation des transports aériens
FR2,France 2
FR3,France 3
FRAC,Fonds régionaux d'art contemporain
FRAD,Formateur Relais Anti-Drogues
FRAFP,Fonds régional de l’apprentissage et de formation professionnelle
FRAFU,Fonds régional d'aménagement foncier et urbain
FRAMEE,Fonds régional d'aide à la maîtrises de l'énergie et de l'environnement.
FRDE,Fonds régionaux pour le développement et l'emploi
FREE,Formateur Relais Environnement et Écologie
FRI,Force de Réponse Immediate
FRILE,Fonds régional d'aide aux initiatives locales pour l'emploi
FRR,Fonds de réserve pour les retraites
FRTI,Formateur Relais Travail Illégal
FRU,Fonds pour le renouvellement urbain
FRUP,Fondation reconnue d'utilité publique
FSAI,Fonds spécial d'adaptation industrielle
FSDRF,Fichier des Sans Domicile ni Résidence Fixe
FSE,Feuilles de Soins Electronique
FSE,Fonds social européen
FSGT,Fonds spécial de grands travaux
FSI,Fond Spécial Invalidité
FSI,"Groupe de contrôle des forces, du soutien et des systèmes d'information (FSI)"
FSIR,Fonds spécial d'intervention routière
FSJ,Feuille de Service Journalier
FSL,Fonds de solidarité pour le logement
FSO,Forfait Salle d’Opération
FSP,Fonds de solidarité prioritaire
FSPF,Fédération des Syndicats Pharmaceutiques de France
FSPOEIE,Fonds spécial des pensions des ouvriers des établissements industriels de l'État
FSPVA,Fond De Solidarité Et De Promotion De La Vie Associative
FSRIF,Fonds de solidarité des communes de la région Ile-de-France
FSU,Fédération syndicale unitaire
FSU,Fonds Social Urbain
FSV,Fonds de solidarité vieillesse
FSV,Fonds social vieillesse
FT,France Télécom
FTAP,Fonds de transformation de l’action publique
FTM,Foyer de travailleurs migrants
FTM,France télécoms mobile.
FUP,Fonds unique de péréquation des fonds de la formation professionnelle continue
FUS,Fond d’Urgence Sociale
FV,Foyer de Vie
FVV,Fichier des Véhicules Volés
Feclad,Fédération des centres labellisés pour les anomalies du développement
Fonds CMU,Fonds de financement de la protection complémentaire de la couverture universelle du risque maladie
FranceAgriMer,FranceAgriMer - Établissement national des produits de l'agriculture et de la mer
GAC,Groupe d'Analyse Comportemental
GAD,Groupe Anti-Délinquance
GAEC,Groupement agricole d'exploitation en commun
GAFAM,Google Apple Facebook Amazon Microsoft
GAFI,Groupe d'action financière internationale
GALCOB,Groupement Local du Cente Ouest Bretagne
GAMSAU,Groupe de recherche pour l'application de méthodes scientifiques à l'architecture et à l'urbanisme.
GANIL,Grand accélérateur national d'ions lourds
GAP,Groupe d’action psychopédagogique (voir aussi GAPP et aussi la nouvelle appellation RASED)
GAP,Bureau Gestion administrative et paye
GAPP,Groupe d'aide psychopédagogique
GARESC,Groupe Allier De Ressources En Education à La Santé Et à La Citoyenneté
GATT,General agreement on tariffs and trade (Accord général sur les tarifs douaniers et le commerce)
GAV,Gendarme Adjoint Volontaire ou Garde À Vue
GBEA,Guide de Bonne Exécution des Analyses de biologie médicale
GBGM,Groupement Blindé de la Gendarmerie Mobile
GC,Groupe de Commandement
GCA,Groupe des Classes-Ateliers
GCB,Génie civil du bâtiment.
GCCQ,Groupe de Coordination pour la Construction de la Qualité.
GCS,Groupement de Coopération Sanitaire
GCSMS,Groupement de Coopération Sociale et Médico-Sociale
GCVN,Goupe central des villes nouvelles.
GD,Gendarmerie Départementale
GDF,Gaz de France
GDR,Gestion Du Risque
GEA,Gestion et Administration des Entreprises
GEA,Gestion des Événements d'Ampleur
GECT,Groupement européen de coopération territoriale
GEIDE,Gestion électronique et informatique des documents
GEIE,Groupement européen d'intérêt économique
GEIP,Groupe européen indépendant de programmes
GEIQ,Groupement d'employeurs pour l'insertion et la qualification
GELAC,Groupement d'Enquête et de Lutte Anti-Cambriolage
GELD,Groupe d'études et de lutte contre les discriminations
GEM,Groupe d’Entraide Mutuelle
GEM,Groupes d’Etude des Marchés (de l’observatoire économique de l’achat public)
GEMS,Gendarme Enquêteur en Milieu Souterrain
GEN,Grandes entreprises nationales.
GENES,Groupe des écoles nationales d'économie et statistique
GEODE,Géographie de l'environnement.
GEPI,Groupe d'études prospectives internationales
GERDAT,Groupe d'études et de recherches pour le développement de l'agronomie tropicale
GERES,Groupe d’Etude sur les Risques d’Exposition des Soignants aux agents infectieux
GERIAPA,"Groupement d’études, de recherches et d’initiatives pour l’aide aux personnes âgées"
GERN,Groupe européen de recherche sur les normativités
GEROM,Groupe d'Exploitation du Renseignement Opérationnel Maritime
GES,Gaz à effet de serre.
GEVA,Grille D’évaluation De L’autonomie
GFA,Groupement foncier agricole
GFAG,Groupe de Formation Aérienne de la Gendarmerie
GFC,Gestion de Fin de Carrière
GFEN,Groupe français d’éducation nouvelle
GFM,Groupe Français des Myélodysplasies
GGD,Groupement de Gendarmerie Départementale
GGM,Groupement de Gendarmerie Mobile
GHJ,Groupe Homogène de Journée
GHM,Groupe Homogène de Malades
GHS,Groupe homogène de séjours
GHT,Groupe Homogène de Tarif
GIAA,Groupement des intellectuels aveugles et amblyopes
GIAT,Groupement des industries d'armement terrestre
GIC,Grand Invalide Civil
GIDEL,Groupe interministériel sur le développement économique local
GIE,Groupement d'intérêt économique
GIEC,Groupe intergouvernemental sur l'évolution du climat
GIG,Grand invalide de guerre
GIGN,Groupe d'intervention de la gendarmerie nationale.
GIHP,Groupements pour l’insertion des handicapés physiques
GIP,Groupement d'intérêt public (recherche et développement technologique)
GIPA,Garantie individuelle du pouvoir d’achat
GIPAS,Gestion de l'Information et Prévention des Atteintes à la Sécurité
GIPN,Groupe d'intervention de la police nationale.
GIR,Groupe d'intervention régional
GIR,Groupe Iso Ressource
GIRPEH,Groupements interprofessionnels régionaux pour la promotion de l’emploi des personnes handicapées
GIRZOM,Groupe interministériel pour la restructuration des zones minières
GIS,Groupement d'intérêt scientifique
GIS-Institut,des maladies rares Groupement d’intérêt scientifique maladies rares
GISTRID,Gestion par Internet du Suivi des Transferts Internationaux de Déchets
GM,Gendarmerie Mobile
GMAO,Gestion de la Maintenance Assistée par Ordinateur
GMAP,Groupe de modélisation pour l'assimilation et la prévision
GME,Groupement momentané d'entreprises
GMEI,Groupe de météorologie expérimentale et instrumentale
GMEM,Groupe maritime d'économie mixte
GMG,Groupe Montagne Gendarmerie
GMGEC,Groupe de météorologie de grande échelle et climat
GMME,Groupe de météorologie à moyenne échelle
GMR,Garantie mensuelle de rémunération
GMR,Gestion Maîtrise des Risques (sous service de la DINUM)
GMSIH,Groupement pour la modernisation du système d'information hospitalier
GN,Gendarmerie Nationale
GNC,Croupe national de contrôle
GNDA,Groupement national des directeurs d’associations
GNI,Groupement national des IRTS
GOELAMS,Groupe Ouest Est d’études des Leucémies et Autres Maladies du Sang
GOR,Groupe d'Observation et de Recherche
GOS,Groupe Observation Surveillance
GPB,Gilet Pare-Balles
GPEC,Gestion prévisionnelle des emplois et des compétences
GPEEC,"Gestion prévisionnelle des effectifs, des emplois et des compétences"
GPEM,Groupes Permanents d’Etude des Marchés (Voir : CMPE)
GPEM/IC,Groupes Permanents d’Etude des Marchés Informatique-Communication (Voir : CMPE)
GPIOM,Groupe de Pelotons d'Intervention d'Outre-Mer
GPL,Gaz de pétrole liquéfié.
GPMC,Gestion Prévisionnelle Des Métiers Et Des Compétences
GPS,Global Positionning System (positionnement par satellite)
GPU,Géoportail de l'Urbanisme
GPU,Grands projets urbains
GPV,Grands projets de ville
GR,Garde Républicaine
GRAD,Regroupement d’adaptation
GRC,Gestion des Risques Contaminants
GREF,Génie rural des eaux et forêts
GREP,Groupe de recherche pour l’éducation et la prospective
GREP,Groupements régionaux d'épargne et de prévoyance
GREPHH,Groupe d’évaluation des pratiques en hygiène hospitalière
GRESS,Groupe de recherche en sciences sociales
GRETA,Groupement d’établissements
GRH,Gestion des ressources humaines
GRIDAUH,Groupement de recherche sur les institutions et le droit de l'aménagement de l'urbanisme et de l'habitat
GRIP,Groupe de Rapprochement et d'Investigation de Proximité
GRO,Guide de Raisonnement Opérationnel
GROG,Groupe Régional d’Observation de la Grippe
GRPH,Garantie de Ressources pour Personnes Handicapées
GRSP,Groupement régional de santé publique
GRTH,Garantie de Ressources du Travailleur Handicapé
GSAN,Gendarmerie de la Sécurité des Armements Nucléaires
GSGN,Groupe Spéléo de la Gendarmerie Nationale
GSHR,Gestion des Sources Humaines de Renseignement
GSI,Gestion des Sollicitations et des Interventions
GSIEN,Groupement de scientifique pour l'information sur l'énergie nucléaire
GSPC,Groupe salafiste pour la prédication et le combat
GT,Groupe de travail
GTA,Gendarmerie des Transports Aériens
GTB,Groupement technique de bassin
GTC,Gestion Technique Centralisée
GTD,Groupement technique départemental
GTG,Groupement Tactique de Gendarmerie
GTN,Groupes Techniques Nationaux
GTNDO,Groupe Technique National de Définition des Objectifs de Santé Publique
GTS,Grande Tenue de Service
GU,Guichet Unique
GUEPARH,Cellules de gestion unifiée et partagée des ressources humaines
GUTI,Guichet Unique Téléphonie et Internet
GVT,Glissement vieillesse-technicité
H3C,Haut Conseil du commissariat aux comptes
HACCP,Hazard analysis critical control point (Analyse des points critiques et leur maîtrise)
HAD,Hospitalisation à domicile
HADOPI,Haute Autorité pour la diffusion des œuvres et la protection des droits sur Internet
HALDE,Haute autorité de lutte contre les discriminations et pour l'égalité
HAS,Haute autorité de santé
HATVP,Haute autorité pour la transparence de la vie publique
HBM,Habitations bon marché
HBMA,Habitation à Bon Marché Amélioré
HBMO,Habitation à Bon Marché Ordinaire
HC,Hospitalisation Compléte
HCAAM,Haut Conseil pour l’Avenir de l’Assurance Maladie
HCB,Haut Conseil des biotechnologies
HCCI,Haut conseil de la coopération internationale
HCEAC,Secrétariat du Haut conseil de l'éducation artistique et culturelle
HCEIA,Haut comité d’étude et d’information sur l’alcoolisme
HCERES,Haut Conseil de l'évaluation de la recherche et de l'enseignement supérieur
HCFPS,Haut Conseil du financement de la protection sociale
HCI,Haut Conseil à l'intégration (Secrétariat du)
HCLPD,Haut Comité Pour Le Logement Des Personnes Défavorisées
HCODF,"Hausse de tir, Consommation, Objectif, Débit, Feu !"
HCR,Haut Commissariat des Nations Unies pour les réfugiés
HCSP,Haut comité de la santé publique devenu Haut conseil de la santé
HCSP,Haut Conseil de la santé publique
HCTISN,Haut Comité pour la transparence et l'information sur la sécurité nucléaire
HCVA,Haut Conseil à la vie associative
HDJ,Hôpital De Jour
HDT,Hospitalisation à la Demande d’un Tiers
HFD,Haut fonctionnaire de défense
HFDS,Service du haut fonctionnaire de défense et de sécurité
HIA,Hôpital d’Instruction des Armées
HID,Enquète Handicaps-Incapacités-Dépendances
HJ,Hospitalisation de Jour
HJG,Horaire Journalier par Gendarme
HK,Heckler & Koch
HL,Hôpital local
HLM,Habitations à loyer modéré
HLMO,HLM Ordinaire
HMA,Hygiène Mentale Adulte
HO,Hospitalisation d’Office
HP,Hôpital Psychiatrique (devenu CHS)
HP,Hôtel de police
HPST,"Hôpital, patients, santé , territoire (loi HPST)"
HQE,Haute qualité environnementale
HQP,Hautes Qualifications Professionnelles
HS,Hospitalisation de Semaine
HSC,Hospitalisation sous contrainte.
HSCT,"Hygiène, Sécurité et Conditions de Travail"
HTA,Hypertension Artérielle
HTCD,Hospitalisation de Trés Courte Durée
HVS,Habitat et vie sociale
I(D)TF,Interdiction (Définitive) du Territoire Français
IA,Inspection Académique
IAA,Inspecteur d’Académie Adjoint
IACMP,Instruction d’Application du CMP 2001
IAD,Indemnité annuelle de départ
IADE,Infirmier anesthésiste diplômé d’état
IADSDEN,Inspecteur d’Académie – Directeur des Services Départementaux de l’Education Nationale
IAO,Infirmier(e) d’Accueil et d’Orientation
IASS,Inspecteur des Affaires Sanitaires et Sociales
IATA,International air transport association (Association internationale des transports aériens)
IATOS,"(Personnel) Ingénieur, administratif, technicien, ouvrier et de service"
IATP,Imposition additionnelle à la taxe professionnelle
IAURIF,Institut d'aménagement et d'urbanisme de la région Ile-de-France
IBN.,Indice biologique global normalisé.
IBODE,Infirmier de bloc opératoire diplômée d’État
ICC,Institut du commerce et de la consommation
ICCP,"Identification, Clac, Charge, Prêt !"
ICHN,Indemnités compensatrices de handicaps naturels
ICM,Indice Comparatif de Mortalité
ICPE,Installations Classées pour la Protection de l'Environnement
IDE,Infirmier diplômé d’état
IDEF,Institut de l’enfance et de la famille
IDES,Institut de développement économique et social
IDF,Ile de France
IDF,institut pour le développement forestier
IDF,Impossibilité de faire
IDG,Infrastructure de Données Géographiques
IDHEC,Institut des hautes études cinématographiques
IDI,Institut de développement industriel
IDIA,Institut de développement des industries agricoles et alimentaires
IDICA,Institut de développement industriel des composants automobiles
IDJS,Institut Départemental des Jeunes Sourds
IDS,Initiative de défense stratégique
IE,Intelligence Économique
IE2R,"Indemnité Entretien, Retouche et Regalonnage"
IEAD,intervention éducative à domicile
IEAE,Institut d'éducation à l'agro-environnement de Florac
IEC,Instruction Élémentaire de Conduite
IED,Intervention Éducative à Domicile
IEDOM,Institut d'émission des départements d'outre-mer
IEG,Industries électriques et gazières
IEM,institut d’éducation motrice
IEMFP,Institut d’Éducation Motrice et de Formation Professionnelle
IEMSU,Institut D’education Motrice Scolaire Et Universitaire
IEN,Inspecteur de l’Education Nationale
IENAIS,Inspecteur de l’Education nationale chargé d’adaptation et d’intégration scolaire
IEOM,Institut d’émission d’outre-mer
IEP,Institut d'études politiques
IER,Institut d'économie rurale.
IES,Institut d’éducation sensoriel
IESF,Institut d’Economie Sociale et Familiale
IET,Inspecteur de l’Enseignement Technique
IFA,Institut français d'architecture.
IFAC,Inspection fusionnée d'assiette et de contrôle
IFCE,Institut français du cheval et de l'équitation
IFCS,Institut de Formation des Cadres de Santé
IFD,indemnité Forfaitaire de déplacement
IFE,Institut français de l'éducation
IFEN,Institut français de l'environnement
IFET,Institut pour la formation des élus territoriaux
IFN,Inventaire forestier national.
IFOP,Institut français d’opinion publique
IFOP,Instrument financier de l'orientation de la pêche
IFORE,Institut de formation de l'environnement
IFP,Institut français du pétrole
IFP Énergies nouvelles,Institut français du pétrole Énergies nouvelles
IFPP,Institut de Formation de Pédicurie Podologie
IFRECOR,Comité national de l'initiative française des récifs coralliens
IFREMER,Institut français de recherche pour l'exploitation de la mer
IFSTTAR,"Institut français des sciences et technologies des transports, de l'aménagement et des réseaux"
IG,Inspection générale
IGA,Inspection générale de l'administration
IGAEN,Inspecteur général adjoint de l’Education nationale
IGAG,Inspecteur Général des Armées Gendarmerie
IGAM,Inspection générale des affaires maritimes
IGAS,Inspection générale des affaires sociales
IGE,Inspection général de l'environnement
IGEN,Inspecteur Général de l’Éducation Nationale
IGESR,"Inspection générale de l'éducation, du sport et de la recherche"
IGF,Inspection générale des finances
IGGA,Infraction Grave Génératrice d'Accidents
IGGN,Inspection Générale de la Gendarmerie Nationale
IGH,Immeuble de grande hauteur.
IGN,Institut géographique national
IGN,Institut national de l'information géographique et forestière
IGP,Indications géographiques protégées
IGPDE,Institut de la gestion publique et du développement économique - IGPDE
IGREF,"Ingénieur du génie rural, des eaux et forêts."
IGREF,"Ingénieurs du génie rural, des eaux et forêts"
IHEDAT,Institut des hautes études pour l'aménagement du territoire
IHEDN,Institut des hautes études de la défense nationale
IHEDN,Institut des hautes études de défense nationale
IHESI,Institut des hautes études de sécurité intérieure
IHEST,Institut des hautes études pour la science et la technologie
IHEV,Institut des hautes études de la vigne et du vin
IIC,Inspection des installations classées.
IIO,Inspecteur de l’Information et de l’Orientation
IJ,Information jeunesse
IK,indemnité kilométrique
ILM,Immeuble à loyer moyen
ILN,Immeuble à loyer normal
ILS,Infraction à la législation sur les stupéfiants.
IM,Indice majoré
IMC,Indice de Masse Corporelle
IMCCE,Institut de mécanique céleste et de calcul des éphémérides
IME,Institut Médico-Educatif
IME,Institut monétaire européen.
IMEC,Instruction mixte à l'échelon central
IMED,Instituts Médicaux-ÉDucatifs
IMP,Institut médico-psychologique
IMPACT,Innover et moderniser les processus MDPH pour l’accès à la compensation sur les territoires
IMPP,Institut Médico Psycho-Pédagogique
IMPRO,Institut Médico-Professionnel
IMS,Ischémie Myocardique Silencieuse
IMSA,Institut des Métiers de la Santé et de l’Accompagnement
IN,Infections Nosocomiales
INA,Institut national de l'audiovisuel
INALCO,Institut national des langues et civilisations orientales
INAO,Institut national de l'origine et de la qualité
INAVEM,Institut nationale d'aide aux victimes et de médiation
INB,Installation nucléaire de base
INC,Institut national de la consommation
INC,Institut national de la chimie
INCa,Institut national du cancer
INED,Institut national d'études démographiques
INEE,Institut national de l'écologie et de l'environnement
INEP,Institut national d'éducation populaire
INERIS,Institut national de l'environnement industriel et des risques
INERM,Institut national d'études rurales montagnardes.
INES,Identité nationale électronique sécurisée
INET,Institut national des études territoriales
INFPN,Institut national de la formation de la police nationale
INHA,Institut national d'histoire de l'art
INHES,Institut national des hautes études de sécurité
INHESJ,Institut national des hautes études de la sécurité et de la justice
INHNI,Institut national de l’hygiène et du nettoyage industriel
INI,Institution nationale des Invalides
INJA,Institut national des jeunes aveugles
INJEP,Institut de la jeunesse et de l'éducation populaire
INJEP,Institut national de la jeunesse et de l'éducation populaire
INJS,Institut national des jeunes sourds
INMARSAT,International maritime satellite organisation (Organisation internationale de télécommunications maritimes par satellites)
INP,Institut national polytechnique
INP,Institut national du patrimoine
INP,Intistut national de physique
INPES,Institut national de prévention et d'éducation pour la santé
INPI,Institut national de la propriété industrielle
INPN,Inventaire national du patrimoine naturel.
INPNPP ou IN2P3,Institut national de physique nucléaire et de physique des particules
INPS,Institut national de la police scientifique
INRA,Institut national de la recherche agronomique
INRAP,Institut national de recherches archéologiques préventives
INRETS,Institut national de recherche sur les transports et leur sécurité
INRIA,Institut national de la recherche en informatique et en automatique
INRIA,Institut national de recherche en informatique et en automatique
INRP,Institut national de la recherche pédagogique
INRS,Institut national de recherche et de sécurité pour la prévention des accidents du travail et des maladies professionnelles
INS,Institut national de statistique (Belgique).
INS2I,Institut des sciences de l'information et de leurs interactions
INSA,Institut national des sciences appliquées
INSB,Institut national des sciences biologiques
INSEE,Institut national de la statistique et des études économiques
INSEP,Institut national du sport et de l'éducation physique
INSEP,"Institut National du Sport, de l'Expertise et de la Performance"
INSEP,"Institut national du sport, de l'expertise et de la performance"
INSERM,Institut national de la santé et de la recherche médicale
INSHEA,Institut national supérieur de formation et de recherche pour l’éducation des jeunes handicapés et les enseignements adaptés
INSHS,Institut national des sciences humaines et sociales
INSIS,Institut des sciences de l'ingénierie et des systèmes
INSMI,Institut national des sciences mathématiques et de leurs interactions
INSTN,Institut national des sciences et techniques nucléaires
INSU,Institut national des sciences de l'univers
INTEFP,"Institut national du travail, de l'emploi et de la formation professionnelle"
INTELSAT,International telecommunications satellite consortium (Organisation internationale de télécommunications par satellite)
IO,Infection Opportuniste
IOE,Investigation d’Orientation Éducative
IP,Information Préoccupante (anciennement Signalement) plus d’infos
IP,Intervention Professionnelle
IPAG,Institut de préparation à l'administration générale
IPC,Indice des prix à la consommation
IPC,Ingénieur des ponts et chaussées.
IPC,Interrogatoire de première comparution.
IPCD,Inventaire des politiques culturelles départementales
IPDG,Indemnisations Des Personnels De Direction Et De Gestion
IPET,Inspecteur Principal de l’Enseignement Technique
IPM,Ivresse Publique Manifeste
IPP,Incapacité (ou invalidité) Permanente Partielle
IPR,Inspecteur Pédagogique Régional
IPR,Instance Paritaire Régionale (pôle Emploi)
IPRIA,Inspecteur Pédagogique Régional – Inspecteur d’Académie
IPRICAS,Institution de Prévoyance et de Retraite Interprofessionnelle des Cadres et Assimilés
IPSN,Institut de protection et de sûreté nucléaire
IR,Institut de Rééducation
IRA,Instituts régionaux d'administration
IRA,Institut régional d'administration
IRAS,Infraction Relevée par l'Action des Services
IRC,Infirmière de Recherche Clinique
IRC,Institut des régions chaudes
IRCA,Institution de Retraites Complémentaires Agricoles
IRCAM,Institut de recherche et de coordination acoustique-musique
IRCANTEC,Institut de retraite complémentaire des agents non titulaires de l'État et des collectivités locales
IRCEM,Institution de Retraite des Employés de Maison
IRCGN,Institut de Recherche Criminelle de la Gendarmerie Nationale
IRCHA,Institut national de recherche chimique appliquée
IRD,Institut de recherche pour le développement
IRDES,Institut de recherche et de documentation en économie de la santé
IREPS,Instance Régionale D’éducation Pour La Santé (anciennement CRES)
IRES,Institut de recherche économique et sociale
IRFA,Institut Régional de Formation pour Adultes
IRFSSA,Institut Regional De Formation Sanitaire Et Sociale Auvergne
IRFTS,Institut régional de formation des travailleurs sociaux
IRIS,Imaginons Un Réseau Internet Solidaire
IRIS,Initiatives régionales pour l'insertion et la solidarité.
IRM,Imagerie par résonance magnétique nucléaire
IRMES,Institut de recherche médicale et d'épidémiologie du sport
IRMES,Institut de recherche biomédicale et d'épidémiologie du sport
IRP,Instances de Représentation et de Participation
IRPP,Impôt sur le revenu des personnes physiques
IRSID,Institut de recherche de la sidérurgie
IRSN,Institut de radioprotection et de sûreté nucléaire
IRSTEA,Institut national de recherche en sciences et technologies pour l'environnement et l'agriculture
IRTS,Institut régional de travail social
IRVE,Infrastructures de Recharge pour Véhicules Électriques
IS,Groupe des inspections spécialisées
ISA,Indice Synthétique d’Activité
ISAE,Institut supérieur de l'aéronautique et de l'espace
ISAP,Intervention Sociale D’aide à La Personne
ISARA-LYON,Institut supérieur d'agriculture de Rhône-Alpes
ISBL,Institutions sans but lucratif
ISES,Institution spécialisée d’éducation surveillée
ISF,Impôt de solidarité sur la fortune
ISG,Intervenants Sociaux Gendarmerie
ISIC,Intervention Sociale D’intérêt Collectif
ISM,Indemnité spéciale de montagne
ISM,Institut Supérieur des Métiers
ISMH,Inventaire supplémentaire des monuments historiques.
ISO,International Organization for Standardization (Organisation internationale de normalisation) 
ISOE,Indemnité de suivi et d’orientation des élèves
ISP-Inserm,Institut thématique santé publique de l’Inserm
ISSA,Inspection du service de santé des armées
ISSP,Indemnité de Sujétions Sociales de Police
IST,Infections Sexuellement Transmissibles (voir aussi MST)
ISTPM,Institut scientifique et technique des pêches maritimes
ITA,"Ingénieurs, techniciens, administratifs"
ITAQ,Itinéraire d’Accès à la Qualification
ITAQUE,Itinéraire personnalisé d’accès à la requalification et au diplôme
ITEF,Ingénieurs techniciens d'études et de fabrications
ITEP,Institut Thérapeutique Éducatif et Pédatogique
ITES,Institut Pour Le Travail Éducatif Et Social
ITP,Institut technique du porc.
ITPE,Ingénieur des travaux publics de l'état.
ITS,Institut de travail social
ITSRS,Institut du travail social et des recherches sociales
ITT,Interruption Temporaire de Travail
IUFM,Institut universitaire de formation des maîtres
IUP,Institut Universitaire Professionnalisé
IUT,Institut universitaire de technologie
IVD,Indemnité viagère de départ
IVD,IntraVeineuse Directe
IVG,Interruption volontaire de grossesse
IVL,IntraVeineuse Lente
Ifsi,Institut de formation en soins infirmiers
InVS,Institut national de veille sanitaire
JAF,Juge aux affaires familiales
JAM,Journées de l’Assurance Maladie
JAM,Juges des affaires matrimoniales
JAP,Juges de l'application des peines
JAP,Juge d'Application des Peines
JAPD,Journées d'appel de préparation à la défense
JCLT,jeunesse culture loisirs technique
JCO,Journal de Conduite des Opérations
JDC,Journée Défense Et Citoyenneté (anciennement JAPD)
JDL,Juge de la Détention et des Libertés
JE,Juge des enfants
JE,Juge pour Enfants
JEI,Jeunes entreprises innovantes
JEU,Jeunes entreprises universitaires
JEX,Juge de l’exécution
JI,Juge d’instruction.
JIRS,Juridiction InterRégionale Spécialisée
JIRS,Juridiction interrégionale spécialisée (instruction).
JLD,Juge des libertés et de la détention
JO,Journal officiel
JOC,Jeunesse ouvrière chrétienne
JOCE,Journal officiel des Communautés européennes
JORF,Journal officiel de la République française
JOUE,Journal Officiel de l’Union Européenne
JP,Juge de proximité
JPA,Jeunesse au Plein Air
JPE,Justification au premier euro
JVN,Jumelles Vision Nocturne
KYC,Know Your Customer
LADOM,Agence de l'Outre-mer pour la mobilité
LAEP,Lieu D’accueil Enfants Parents
LAM,Lit Accueil Médicalisé
LAPCIPP,Loi n° 2009-179 du 17 février 2009 pour l’accélération des programmes de construction et d’investissement publics et privés
LAPI,Lecture Automatisée des Plaques d'Immatriculation
LARES,Laboratoire de recherches économiques et sociales
LAU,Loi d'aménagement et d'urbanisme.
LAURE,Loi sur l'air et l'utilisation rationnelle de l'énergie.
LBD,Lanceur de Balles de Défense
LBU,Ligne budgétaire unique (DOM)
LC,libération conditionnelle.
LCE,Loi contre les exclusions (1998)
LCPC,Laboratoire central des ponts et chaussées.
LEA,Lycée D’enseignement Adapté
LEBM,Laboratoire européen de biologie moléculaire.
LEEM,Les Entreprises du médicament
LEGTA,Lycée d'enseignement général et technologique agricole.
LEN,Logement Economique Normalisé
LEN,Loi pour la confiance dans l’économie numérique
LEP,Lycées d'enseignement professionnel
LEPN,Logement Economique de Première Nécessité
LEST,Laboratoire d’économie et de sociologie du travail
LFI,Loi de finance initiale
LFPA,Logement foyer pour personnes âgées
LFSS,Loi de financement de la sécurité sociale.
LGGM,Lance Grenades de la Gendarmerie Mobile
LGR,Licence Gratuite de Repartage.
LGTM,Looks Good To Me / Let Get This Merged
LGV,Ligne à grande vitesse.
LHSS,Lits Halte Soins De Santé
LIC,Locaux Industriels et Commerciaux
LICRA,Ligue internationale contre le racisme et l'antisémitisme
LISP,Lits Identifés en Soins Palliatifs
LJ,Liquidation judiciaire
LKS,Mouvement de libération kanak
LLI,Logement Locatif Intermédiaire
LLS,Logements Locatifs Sociaux
LMA,Liquidation Médico-Administrative
LNCC,Ligue Nationale Contre le Cancer
LNE,Laboratoire national d'essais
LNE,Laboratoire national de métrologie et d'essais
LOA,Loi d'orientation agricole.
LOADDT,Loi d'orientation sur l'aménagement et le développement durable du territoire (Loi Voynet)
LOADT,Loi d'orientation pour l'aménagement et le développement du territoire (loi Pasqua).
LOE,Loi d'orientation sur l'énergie.
LOF,Loi d'orientation foncière.
LOGECO,Logements économique et familiaux (plan Courant 1953)
LOLF,Loi organique relative aux lois de finances
LOLFSS,Loi organique relative aux lois de financement de la sécurité sociale
LOPOFA,Logements Populaires et Familiaux
LOPSI,Loi d'orientation et de programmation pour la sécurité intérieure
LOTI,Loi d'orientation des transports intérieurs
LOV,Loi d’orientation pour la ville
LPA,Lycée Professionnel Agricole.
LPC,Langage parlé complété
LPO,Ligue pour la protection des oiseaux
LPPR,Liste des Produits et Prestations Remboursables
LR,Langues-Renseignement
LRMH,Laboratoire de recherche des monuments historiques
LRPGN,Logiciel de Rédaction de Procédure de la Gendarmerie Nationale
LSC,Libération sous contrainte.
LSF,Langue des signes française
LSI,Loi pour la sécurité intérieure
LSM,Long séjour médicalisé
LTS,Logement très social
LUE,Lettre aux Unités Électronique
Les Ateliers - ENSCI,École nationale supérieure de création industrielle
MA,Moniteur D’atelier
MAA,Ministère de l'Agriculture et de l'Alimentation
MAAA,Maîtrise Avec Arme de d'Adversaire
MAAF,"Ministère de l’Agriculture, de l’Agroalimentaire et de la Forêt"
MAAPAR,Association agréée pour la pêche et la protection du milieu aquatique
MACIB,Mission Audit et contrôle interne budgétaires
MAD,Mise à disposition
MAE,Mesure agro-environnementale.
MAE,Ministère des Affaires étrangères
MAE,Ministère des Affaires Etrangères
MAEDI,Ministère des Affaires étrangères et du Développement International
MAEP,Ministère de l'agriculture de l'élevage et de la pêche
MAESF,Mesure D’accompagnement En Économie Sociale Et Familiale
MAFI,Mission d’appui aux fonctions d’inspection
MAFPEN,Mission Académique à la Formation des Personnels de l’Education Nationale
MAH,Maison d’Accueil et d’Hébergement ;
MAIA,Maisons Pour L’autonomie Et L’intégration Des Malades Alzheimer
MAINH,Mission nationale d’appui à l’investissement hospitalier
MAJ,Mesure D’accompagnement Judiciaire
MANOP,MANière d'OPérer
MAO,Médecin d’Accueil et d’Orientation
MAP,Mesure alternative aux poursuites
MAP,Ministère de l'agriculture et de la pêche
MAPA,Maison d’accueil pour personnes âgées
MAPA,MAPA ou MPA : Marché A Procédure Adaptée
MAPAD,Maison d’accueil pour personnes âgées dépendantes
MAPPP,Mission d’appui à la réalisation des contrats de partenariat public-privé
MAPPP,Mission d'appui aux partenariats public-privé
MAR,Médecin anesthésiste réanimateur
MARISAT,Maritime satellite organisation (Système de télécommunications maritimes par satellites)
MARNU,Modalités d'application du règlement national d'urbanisme
MARPA,Maison d’Accueil Rural pour Personnes Âgées
MAS,Maison d'accueil spécialisée
MAS,Manufacture d'Armes de Saint-Etienne
MASP,Mesure D’accompagnement Social Personnalisé
MAT,Manufacture d'Armes de Tulle
MATIF,Marché à terme d'instruments financiers
MC,Maître de conférence
MC,Mention complémentaire
MCAD,Mention Complémentaire D’aide à Domicile
MCAF,Mission de contrôle des activités financières
MCC,Ministère de la culture et de la communication
MCCPT,Ministère de la communication et de la culture chargé des poste et Télécommunication
MCE,Messagerie Collaborative de l'État
MCGR,Mission de la coordination et de la gestion du risque maladie
MCM,Montants compensatoires monétaires
MCO,"Médecine, Chirurgie, Obstétrique"
MCP,Maladie à caractére professionnel
MDA,maison des adolescents
MDAD,Ministère de l'écologie et du développement et de l'aménagement durables.
MDCS,Mesures De Confiance et de Sécurité
MDE,Maison De L’emploi
MDE,Maîtrise de demande d'énergie
MDID,Mission pour le développement industriel durable
MDL,Maréchal Des Logis
MDO,Maladie à Déclaration Obligatoire
MDP,Maitre de Demi-Pension
MDPH,Maison départementale des personnes handicapées
MDR,Maison De Retraite
MDS,Maison Départementale De La Solidarité (sous la responsabilité des CG)
MDS,Marchés publics de défense ou de sécurité
ME,Moniteur éducateur
ME,Mise en examen.
MEA,Maison de l’Enfance et de l’Adolescence
MEAH,Mission nationale d’Expertise et d’Audit Hospitaliers
MEC,Mis En Cause
MEC,Mise en cause.
MECS,Maison d’enfants à caractère social
MECS,Mise En Concurrence Simplifiée (CMP 2001)
MECSS,Maison d’enfant à caractère sanitaire spécialisé
MECSS,Mission d'évaluation et de contrôle de la sécurité sociale
MEDD,Ministère de l’Ecologie et du Développement Durable
MEDEF,Mouvement des entreprises de France
MEEDDAT,Ministère de l'écologie de l'énergie du développement durable et de l'aménagement du territoire
MEEDM,"Ministère de l’Ecologie, de l’Energie, du Développement durable et de la mer, en charge des Technologies vertes et des Négociations sur le climat"
MEEM,"Ministère de l’Environnement, de l’Énergie et de la Mer"
MEEM,"Ministère de l'Environnement, de l'Énergie et de la Mer"
MEIRIES,"Mission Europe et international pour la recherche, l'innovation et l'enseignement supérieur"
MELT,"Ministère de l'équipement, du logement et des transports."
MENESER,Ministère de l'éducation nationale de l'enseignement supérieur et de la recherche
MENESR,"Ministère de l'Éducation Nationale, de l'Enseignement Supérieur et de la Recherche"
MENS,Minorités Ethniques Non Sédentarisées
MERRI,Mission d’enseignement de recherche de référence et d’innovation
MES,Matières en suspension.
MESRI,"Ministère de l’Enseignement supérieur, de la Recherche et de l’Innovation"
METP,Marché d’Entreprise de Travaux Publics
MFI,Moyens de Force Intermédiaire
MFP,Mutualité de la Fonction Publique
MFPRE,Ministère de la fonction publique et de la réforme de l'état
MFR,Maisons familiales rurales
MG,Médecin Généraliste
MGEN,Mutuelle Générale de l’Éducation Nationale
MGGN,Major Général de la Gendarmerie Nationale
MGI,mission générale d’insertion
MH,Médecin Habilité
MH,Monument historique.
MHV,Ministère de l'habitat et de l'urbanisme
MI,Maitre d’Internat
MI-SE,Maître d’internat et surveillant d’externat
MIAT,Ministère de l'intérieur et de l'aménagement du territoire
MIDEM,"Marché international du disque, de l'édition musicale et de la vidéo-musique"
MIDIST,Mission interministérielle de l'information scientifique et technique
MIE,Mission interministérielle de l'eau.
MIEM,Mission Interministérielle d'Enquête sur les Marchés et les conventions de délégation de service public
MIES,Mission interministérielle de l'effet de serre
MIG,Mission d’Intérét Général
MIGAC,Missions d'intérêt général et d'aide à la contractualisation
MIGT,Missions d'inspection générale territoriale
MIIAT,Mission interministérielle et interrégionale d'aménagement du territoire.
MIJ,Message d'Information Judiciaire
MILAD,Mission de Lutte Anti-Drogue
MILDECA,Mission interministérielle de lutte contre les drogues et les conduites addictives
MILDT,Mission interministérielle de lutte contre la drogue et la toxicomanie
MILDT,Mission Interministérielle de Lutte contre les Drogues et Toxicomanies
MILT,Mission interministérielle de lutte contre la toxicomanie
MIN,Marché d'intérêt national (Rungis)
MINEFI,"Ministère de l'économie, des finances et de l'industrie"
MIOMCT,"Ministère de l'Intérieur, de l'Outre Mer et des Collectivités Territoriales"
MIP,Moniteur d'Intervention Professionnelle
MIPNES,Mission de la pédagogie et du numérique pour l'enseignement supérieur
MIQCP,Mission Interministérielle pour la Qualité des Constructions Publiques
MIRE,Mission d’Information Régionale sur l’Exclusion
MIRES,"Mission interministérielle ""recherche et enseignement supérieur"""
MIS,Module D’insertion Social
MIS,Message d'Information Statistique ou Mutation dans l'Intérêt du Service
MISE,Mission inter-service de l'eau.
MISSIM,Mission Sûreté des sites ministériels
MISTRAL,Mutualisation InterminiStérielle du TRAitement Lapi
MITHA,Militaire infirmier et technicien des hôpitaux des armées
MIVILUDES,Mission interministérielle de vigilance et de lutte contre les dérives sectaires
MJAGBF,Mesures Judiciaires d’Aide à la Gestion du Budget Familial
MJC,Maisons des jeunes et de la culture
MJD,Maison de la justice et du droit
MJIE,Mesure judiciaire d’investigation éducative
MJPM,Mandataire Judiciaire à La Protection Des Majeurs
MJPM,Mesures de protection juridique des majeurs
MK,Maladie de Kaposi
ML,Mission Locale
MMG,Maisons médicales de garde
MMH,Maîtrise Médicalisée à l’hôpital
MN,Marché Négocié
MNA,Mineur Non Accompagné
MNAIH,Mission Nationale d’Appui à l’Investissement Hospitalier
MNAM,Musée national d'art moderne (Centre Pompidou)
MNAM CCI,Musée national d'art moderne Centre de création industrielle
MNASM,Mission Nationale d’Appui en Santé Mentale
MNC,Mission Nationale De Contrôle (des organismes de sécurité sociale)
MNCPC,Mission nationale de contrôle des précurseurs chimiques
MNEF,Mutuelle nationale des étudiants de France
MNETS,Mouvement National des Etudiants et Travailleurs Sociaux
MNH,Mutuelle Nationale des Hospitaliers
MNHN,Muséum national d'histoire naturelle
MO,Maintien de l'Ordre
MOA,Maîtrise d'ouvrage
MOA,Maîtrise d’ouvrage assistée
MOD,Maîtrise d'ouvrage déléguée
MODAL,Module d’Accès en Lycée
MOE,Maîtrise d'œuvre.
MOICP,"Mission, Objectif, Itinéraire, Conduite à tenir, Place du chef"
MOM,Mise en Ordre de Marche (Marchés publics d'informatique visant le CCAG-TIC)
MOP,Maîtrise d'Ouvrage Public
MOREA,Module de Repréparation d’Examen en Alternance
MOS,Mode d'occupation du sol.
MOUS,Maîtrise d’oeuvre urbaine et sociale
MOUVES,Mouvement Des Entrepreneurs Sociaux
MP,Maladie Professionnelle
MP,Marché public.
MP,Ministère public.
MPP,Mission du Pilotage et de la Performance
MPPA,Marchés Passés selon la Procédure Adaptée
MPR,Médecine Physique et Réadaptation
MPS,Marché Public Simplifié
MPSRMD,Mission prévention et sécurité routière du ministère de la Défense
MR,Maison de Retraite
MRC,Message Renseignement Circulation
MRIE,Mission Régionale d’Information sur l’Exclusion
MRIS,Maladies rares info services
MRS,Mission régionale de santé
MRT,Méthode de Raisonnement Tactique
MS,Matières sèche
MS3P,Mission Suivi personnalisé et parcours professionnels
MSA,Mutualité sociale agricole
MSAA,Maîtrise Sans Arme de l'Adversaire
MSAP,Maison de services au public
MSF,Médecins sans frontières
MSFP,Marché Sans Formalités Préalables
MSI,Maître de soutien à l’intégration ou spécialisé itinérant
MSP,Maison de SantÃ© Pluridisciplinaire
MSP,Maison des services publics.
MST,Maladies Sexuellement Transmissibles (voir aussi IST)
MTEI,"Ministère du travail, de l'emploi et de l'insertion"
MTES,Ministère de la Transition Écologique et Solidaire
MTH,Maison Thérapeutique
MTP,Majoration pour tierce personne
MTP,Ministère des travaux publics
MTT,Motocyclette Tout Terrain
MURCEF,Mesures Urgentes de Réformes à Caractère Economique et Financier
MVA,Majoration pour Vie Autonome
MVJS,"Ministère de la Ville, de la Jeunesse et des Sports"
MW,Mégawatt.
Mo,Million
MuCEM,Établissement public du musée des civilisations de l'Europe et de la Méditerranée
N,Zone naturelle dans le POS et les PLU.
NA,Zone naturelle destinée à l'urbanisation future du plan d'occupation des POS.
NABM,Nomenclature des Actes de Biologie Médicale
NAC,Nouveaux Animaux de Compagnie
NACE,Nomenclature des Activités économiques dans la Communauté Européenne
NAF,Nomenclature d'activité française.
NATINF,NATure de l'INFraction
NBC,"Nuclear, bacteriological and chemical protection (Protection nucléaire, bactériologique, chimique)"
NBE,Zone d'équipement partiel du POS.
NBI,Nouvelle bonification indiciaire
NC,Nomenclature Combinée dans la Communauté européenne
NC,Zone naturelle à protéger du POS.
NCMP,Code des Marchés Publics 2004
NDS,Note de Service
NE,Note-Express
NF,Norme Française
NFI,Nouvelles filières d’ingénieurs
NGAP,Nomenclature Générale des Actes Professionnels
NIDA,Notification Individuelle des Droits d'Accès
NIMBY,Not in My Back yard = pas dans mon jardin ou pas dans mon arrière-cour.
NJR,Non Justification de Ressources
NMS,Nouveaux Mouvements Sociaux
NNE,Nouvelle nomenclature des emplois (FPE civile)
NOMADE,Nomenclature Affaires Etrangères des emplois
NOTI1,NOTI1 Information au candidat retenu - (ex formulaire DC6 Déclaration relative à la lutte contre le travail dissimulé)
NOTI2,NOTI2 État annuel des certificats reçus (certificats fiscaux et sociaux) - ex formulaire DC7
NOTRe,Nouvelle organisation territoriale de la République (loi)
NPAI,N’habite Pas à l’Adresse Indiquée
NRBC,"Nucléaires, radiologiques biologiques et chimiques"
NTCR,Non-titulaire sur crédits de remplacement
NTIC,Nouvelles technologie de l’information et communication
NUTS,Nomenclature des Unités Territoriales Statistiques
NVA,Nature Volume Attitude
OA,Organisme Agréé
OA,Officiers des Armées
OAA,"Représentation permanente de la France auprès des institutions des Nations unies pour l'alimentation et l'agriculture à Rome (FAO, PAM et FIDA)"
OAC,Officier Adjoint Communication
OACI,Organisation de l'aviation civile internationale
OACI,Représentation permanente de la France auprès de l'Organisation de l'aviation civile internationale
OAD,Opération Anti-Délinquance
OAM,Ordre d'Affectation de Matériel
OAPJ,Officier Adjoint Police Judiciaire
OAR,Officier Adjoint Renseignement
OAT,Obligations assimilables du Trésor
OAV,Office alimentaire et vétérinaire.
OB,Ordre de Bataille
OC,Odontologie Conservatrice
OCBM,Organisation commune du marché de la banane
OCCAR,Organisation conjointe de coopération en matière d'armement
OCDE,Organisation de coopération et de développement économique
OCDE,Représentation permanente de la France auprès de l'Organisation de coopération et de développement économiques
OCLAESP,Office Central de Lutte contre les Atteintes à l'Environnement et à la Santé Publique
OCLCHGCG,Office Central de Lutte contre les Crimes contre l'Humanité les Génocides et les Crimes de Guerre
OCLCIFF,Office central de lutte contre la corruption et les infractions financières et fiscales
OCLCTIC,Office central de lutte contre la criminalité liée aux technologies de l'information et de la communication
OCLDI,Office Central de Lutte contre la Délinquance Itinérante
OCLTI,Office central de lutte contre le travail illégal
OCM,Organisation commune de marché.
OCM-sucre,Organisation communautaire du marché du sucre
OCORA,Office de coopération radiophonique
OCRFM,Office Central pour la Répression du Faux-Monnayage
OCRGDF,Office Central de Répression de la Grande Délinquance Financière
OCRTIS,Office Central pour la Répression du trafic Illicite de Stupéfiants
OCRTIS,Office central pour la répression du trafic illicite des stupéfiants
OCTA,Officier du Corps Technique et Administratif
ODAS,Observatoire décentralisé de l’Action Sociale
ODEADOM,Office de développement de l'économie agricole dans les départements d'outre-mer
ODEADOM,Office de développement de l'économie agricole des départements d'Outre-mer
ODF,Orthopédie Dento-faciale
OEAP,Observatoire économique de l’achat public (A été remplacé par l'OECP en avril 2016)
OECE,Organisation européenne de coopération économique
OECP,Observatoire économique de la commande publique
OEE,Office de l'efficacité énergétique
OETH,Obligation d’Emploi de Travailleur Handicapé
OFAJ,Office franco-allemand pour la jeunesse
OFCE,Office français des conjonctures économiques
OFDT,Observatoire français des drogues et des toxicomanies
OFFI,L’office Français De L’immigration Et De L’intégration
OFFSET,Procédé d’impression à plat avec mouillage
OFII,Office français de l'immigration et de l'intégration
OFIVAL,"Office national interprofessionnel des viandes, de l'élevage et de l'aviculture"
OFPRA,Office français de protection des réfugiés et apatrides
OFQJ,Office franco-québécois pour la jeunesse
OFSH,Observatoire des Familles en Situation de Handicap
OGA,Organisation de gestion agréée
OGAF,Opération groupée d'aménagement foncier
OGCFPC,Organisme Gestionnaire Conventionnel de la Formation Professionnelle Conventionnelle (médecins)
OGM,Organismes génétiquement modifiés
OGP,Open Government Parternship
OGR,Officiers de Gendarmerie issus du Rang
OGS,Organisation grand site
OGU,Officiers de Gendarmerie issus du recrutement Universitaire
OI,Ordre Initial
OIEAU,Office international de l'eau.
OIN,Opération d'intérêt national.
OIT,Organisation internationale du travail
OLDR,Opération de Lutte contre la Délinquance Routière
OLP,Organisation de libération de la Palestine
OM,Ordures ménagères
OM,Ordre de Mission
OMA,Ordonnance de mise en accusation
OMC,Organisation mondiale du commerce.
OMC,Délégation permanente de la France auprès de l'Organisation mondiale du commerce
OMCI,Organisation maritime consultative intergouvernementale
OMEDIT,"Observatoire des Médicaments, des Dispositifs Médicaux et des Innovations Thérapeutiques"
OMI,Organisation maritime internationale.
OMI,Office des migrations internationales
OML,Obstacle Médico-Légal
OMM,Organisation météorologique mondiale.
OMO,Observation en Milieu Ouvert
OMP,Opération de maintien de la paix
OMP,Ordonnance marchés publics
OMP,Officier du Ministère Public
OMS,Organisation mondiale de la santé
ONAC,Office national des anciens combattants et victimes de guerre
ONACVG,Office national des anciens combattants et victimes de guerre
ONCF,"Objectif, Nature, Consommation et débit, Feu !"
ONCFS,Office national de la chasse et de la faune sauvage
ONDAM,Objectif national des dépenses d'assurance maladie
ONDPS,Observatoire national des professions de santé
ONDPS,Observatoire national de la démographie des professions de santé
ONDRP,Observatoire national de la délinquance et des réponses pénales
ONDT,Observatoire national de la délinquance dans les transports
ONEMA,Office national de l'eau et des milieux aquatiques
ONERA,Office national d'études et de recherches aérospatiales
ONERC,Observatoire national sur les effets du réchauffement climatique
ONF,Office national des forêts
ONFRIH,Observatoire National sur la Formation la Recherche et l’Innovation sur le Handicap.
ONG,Organisations non gouvernementales
ONI,Office national de l'immigration
ONIAM,"Office national d'indemnisation des accidents médicaux, des affections iatrogènes et des infections nosocomiales"
ONIC,Office national interprofessionnel des céréales
ONIFLHOR,"Office national interprofessionnel des fruits, des légumes et de l'horticulture"
ONIGC,Office national interprofessionnel des grandes cultures
ONILAIT,Office national interprofessionnel du lait et des produits laitiers
ONIPPAM,"Office national interprofessionnel des plantes à parfum, aromatiques et médicinales"
ONIRIS,"École nationale vétérinaire, agroalimentaire et de l'alimentation Nantes-Atlantique"
ONISEP,Office national d'information sur les enseignements et les professions
ONISR,Observatoire national interministériel de la sécurité routière.
ONIVINS,Office national interprofessionnel des vins
ONPES,Observatoire national des politiques de lutte contre la pauvreté et l’exclusion sociale
ONPES,Observatoire national de la pauvreté et de l'exclusion sociale
ONPV,Observatoire national de la politique de la ville
ONSER,Organisation nationale pour la sécurité routière
ONT,Observatoire national du tourisme
ONU,Organisation des Nations unies
ONUDI,Organisation des Nations unies pour le développement industriel
ONZH,Observatoire national des zones humides
ONZUS,Observatoire national des zones urbaines sensibles
OP,Ordonnance pénale
OPA,Offres publiques d'achat
OPAC,Office public d'aménagement et de construction
OPACIF,Organisme paritaire agréé au titre du congé individuel de formation
OPAH,Opération programmée d'amélioration de l'habitat
OPC,"Ordonnancement, Pilotage et Coordination"
OPCA,Organismes Paritaires Consultatifs Agréés
OPCAREG,Organismes paritaires collecteurs agréés régionaux
OPCVM,Organismes de placements collectifs en valeur mobilière
OPDHLM,Office public départemental d'habitation à loyer modéré.
OPECST,Office parlementaire d'évaluation des choix scientifiques et technologiques
OPEP,Organisation des pays exportateurs de pétrole
OPEPS,Office parlementaire d’évaluation des politiques de santé
OPERA,Observatoire permanent de la radioactivité et de l'environnement
OPEX,Opérations extérieures
OPEX,OPération EXtérieure
OPH,Office public de l’habitat
OPHLM,Office public de l’habitat à loyer modéré
OPJ,Officier de police judiciaire
OPJ,Officier de Police Judiciaire ou Opération de Police Judiciaire
OPM,Officier public et ministériel
OPOCE,Ex-Office des publications officielles des Communautés européennes (remplacé par l'OPOUE)
OPOUE,Office des publications officielles des Communautés européennes
OPP,ordonance de Placement Provisoire
OPP,Officier Prévention-Partenariats
OPPBTP,Organisme professionnel de prévention du bâtiment et des travaux publics
OPPIC,Opérateur du patrimoine et des projets immobiliers de la culture
OPRI,Office de protection contre les rayonnements ionisants
OQOS,Objectifs Quantifiés de l’Offre de Soins
OQTF,Obligation de Quitter le Territoire Français
ORC,Opération Répressive Centralisée
ORE,Offre raisonnable d'emploi
ORGANIC,(Caisse de compensation de l') Organisation autonome nationale d'assurance vieillesse de l'industrie et du commerce
ORGFH,Orientations régionales de gestion de la faune sauvage et de ses habitats
ORL,Oto-Rhino-Laryngologie
ORS,Observatoire régional pour la santé
ORSEC,Organisation des secours (Plan)
ORSEC,ORganisation des SECours
ORSECRAD,Plan ORSEC radiations
ORSECTOX,Plan ORSEC matières toxiques
ORSTOM,Office de la recherche scientifique et technique d'outre-mer
ORT,Obligations renouvelables du Trésor
ORT,Opération de revitalisation de territoire
ORTC,Ordonnance de renvoi devant le Tribunal correctionnel.
ORU,Opération de renouvellement urbain.
OS,Ordre de Service
OS,Ordre Serré
OSCE,Organisation pour la sécurité et la coopération en Europe
OSE,Organisation des services de l'état.
OSEO,OSEO Banque de développement des petites et moyennes entreprises (OSEO BDPME) - Ex CEPME
OSIC,Officier des Systèmes de l'Information et de la Communication
OSIRIS,Outil et Système d'Information Relatif aux Infractions liées aux Stupéfiants
OSV,Observatoire de la santé des vétérans
OT,Observateur Tireur
OTAN,Organisation du traité de l'Atlantique-Nord
OTASE,Organisation du traité de défense collective pour l'Asie du Sud-Est
OUA,Organisation de l'unité africaine
OV,Objet de Vérification
OVBI,Objets Volés Bien Identifiés
OVVV,Opération Ville Vie Vacances
P4S,Prévision à 4 Semaines
PA,Pouvoir adjudicateur
PA,Pistolet Automatique ou Peloton d'Autoroute ou Police Administrative ou Point d'Accueil
PAC,Politique agricole commune
PAC,Poste À Cheval
PACEA,Parcours contractualisé d’accompagnement vers l’emploi et l’autonomie
PACES,Première Année Commune des Etudes de Santé (nommée aussi L1 Santé)
PACS,Pacte civil de solidarité
PACT,"Protection, amélioration, conservation, transformation de l’habitat"
PACT-ARIM,Propagande et action contre le taudis. Associations de restauration immobilière
PACTE,"Parcours d'Accès aux Carrières de la fonction publique territoriale, hospitalière et de l'État"
PADA,Plateforme D’accueil Des Demandeurs D’asile
PADD,Projet d'aménagement et de développement durable
PADDUC,Plan d'aménagement et de développement durable de la Corse
PAE,Programme d'aménagement d'ensemble.
PAE,Projet d’Action Educative
PAE,Pédagogie Appliquée aux Emplois
PAEJ,Points Accueil Et Écoute Jeunes
PAF,Police aux frontières
PAF,Police de l'Air et des Frontières
PAF,Programme d'action foncière.
PAGRE,Plan d'Adaptation du Grade aux Responsabilités Exercées
PAH,Prime à l'amélioration de l'habitat
PAI,Projet d’accueil individualisé
PAIO,"Permanences d'accueil, d'information et d'orientation"
PAJ,Point d’accueil jeunes
PAJE,Prestation d'accueil du jeune enfant
PAL,Plan d’aide à la lecture
PALME,Programme d'activité labellisé pour la maîtrise de l'environnement
PALULOS,Prime à l'amélioration des logements à usage locatif et à occupation sociale
PAM,"Premiers À Marcher ou Personnel, Armement, Matériel ou Plan Annuel de Mutation"
PAO,Publication assistée par ordinateur
PAP,Plan D’action Personnalisé
PAP,Prêt d'accession à la propriété
PAP,Programme d'action prioritaire
PAP,Projet annuel de performance
PAP,Projet d’aide personnalisé
PAP,Projet Annuel de Performances
PAPA,Préservation de l’Autonomie des personnes Âgées
PAPH,Pôle Personnes âgées / Personnes Handicapées
PAPI,Programme d'action et de prévention des inondations.
PAPIR,Programme d'action prioritaire d'initiative régionale
PAPU,Plan D’action Personnalisé D’urgence
PAQ,Plan d'Assurance Qualité
PAR,Plans d'aménagement ruraux
PARADS,Pôle d’Accueil en Réseau pour l’Accès aux Droits Sociaux (voir aussi UNCCAS
PARE,Plan d'aide au retour à l'emploi
PARM,Permanencier Auxiliaire de Régulation Médicale
PAS,Prêt d’Accession Sociale
PASA,Pôles d’Activités et de Soins Adaptés
PASED,Projet d’action stratégique de l’État en département (LOLF)
PASER,Projet d’action stratégique de l’État en région (LOLF)
PASS,Permanence d’accès aux soins de santé
PAT,Prime d'aménagement du territoire
PATRACDVR,"Personnels, Armement, Tenue, Radio, Alimentation, Camouflage, Divers, Véhicules, Rassemblement"
PAVI,Point d’Appui à la Vie Associative
PAZ,Plan d'aménagement de zone.
PC,Permis de construire.
PC,Prêt Conventionné
PC,Partie civile.
PCA,Plan Construction et Architecture
PCE,Prêt à la création d'entreprise
PCE,Projet environnemental commun.
PCH,Prestation de compensation du handicap
PCI,Plan Cadastral Informatisé
PCL,Prêt Conventionné Locatif
PCMR,Pensions civile et militaire de retraite
PCN,Procédure Concurrentielle avec Négociation
PCO,Poste de Commandement Opérationnel
PCP,Politique communautaire de la pêche
PCQP,Petit Carnet Qui Pue
PCRP,Personne chargée de la radio protection
PCRS,"Plan Corps de Rue Simplifié. Plan 2D/3D très grande échelle de la voirie et de l’espace public. Modélise trottoirs et leur hauteur, accès réseaux enterrés, pistes, mobilier urbain et bâtiments."
PCS,Plan de cohésion sociale.
PCS,Profession et catégorie socioprofessionnelle
PCT,Projet culturel de territoire
PDAHI,Plans Départementaux d’Accueil d’Hébergement et d’Insertion (voir aussi SIAO)
PDALPD,Plan départemental d'action pour le logement des personnes défavorisées
PDC,Procédure de Dialogue Compétitif
PDD,Plan de déplacement durable.
PDEMA,Plan départemental d'élimination des déchets ménagers et assimilés
PDF,Portable document format.
PDH,Plan départemental de l'habitat
PDI,Programme départemental d’insertion
PDITH,Programme Ddépartemental d’Insertion des Travailleurs Handicapés
PDL,Plan départemental du Logement
PDR,Programme de développement rural.
PDS,Permanence Des Soins
PDU,Plan de développement urbain
PDU,Plan de Déplacements Urbains
PDZ,Plan de déplacement de zone.
PDZR,Programme de déplacement des zones rurales.
PE,Parlement européen.
PE,Pôle emploi
PE,Projet d’Établissement
PEA,Plans d’épargne en actions
PEB,Plan d'exposition au bruit.
PEC,Prise En Charge
PEC,Parcours emploi compétences
PED,Plan local de déplacement
PEDA,"Perception, Évaluation, Décision, Action"
PEE,Plan d'épargne d'entreprise
PEEC,Participation des employeurs à l'effort de construction
PEGC,Professeur d'enseignement général de collège
PEI,Projet Éducatif Individualisé
PEL,Plans d’épargne logement
PELG,Pilote d'Embarcation Légère de la Gendarmerie
PEO,Procédure évaluation orientation
PEP,Plans d'épargne populaire
PEP,Pupilles de l’Enseignement Public
PEPITE,"Pôles Etudiants Pour l'Innovation, le Transfert et l'Entrepreneuriat"
PEPS,professeurs d’éducation physique et sportive
PER,Plans d'exposition aux risques.
PER,Plan d’épargne retraite
PERCO,Plan d'épargne pour la retraite collectif
PERNP,Plan d'exposition aux risques naturels prévisibles.
PERP,Plan d'épargne retraite populaire
PES,Point d'Entrée-Sortie
PESD,Politique européenne de sécurité et de défense
PETR,Pôle d'équilibre territorial et rural
PEU,Point d'Entrée Unique
PF,Protection Fonctionnelle
PFD,Programme Fonctionnel Détaillé
PFE,Projet De Fin D’étude
PFR,Prime de Fonctions et de Résultats
PFS,Placement familial spécialisé
PFUE,Présidence française de l'Union Européenne
PG,Procureur général.
PGD,Prestation de Garde à Domicile.
PGE,Prét garantit par l'Etat
PGHM,Peloton de Gendarmerie de Haute Montagne
PGI,Progiciel de Gestion Intégré
PGM,Peloton de Gendarmerie en Montagne
PGO,Partenariat pour un Gouvernement Ouvert (OGP en anglais)
PGS,Plan de gêne sonore.
PH,Praticien Hospitalier
PHEC,Plus hautes eaux connues.
PHISP,Pharmacien inspecteur de la Santé Publique
PHP,Hypertext Preprocessor
PHR,Peloton Hors Rang
PHRC,Programme hospitalier de recherche clinique
PI,Prestations Intellectuelles
PI,Profession intermédiaire
PI,Projet Individualisé
PI,Peloton d'Intervention
PI2G,Peloton d'Intervention de 2e Génération
PIA,Programme d'Investissements d'Avenir
PIAC,Plate-forme d'Identification des Avoirs Criminels
PIAHPA,Programmes Interdépartementaux d’Accompagnement des Handicaps et la Perte d’Autonomie
PIB,Production intérieure brute ou produit intérieur brut
PIC,Programme d’initiative communautaire
PICS,Programme ingénieurs et cadres supérieurs
PIDA,Plan d'intervention pour le déclenchement des avalanches
PIE,Pistolet à Impulsions Électriques
PIF,Points Info Famille
PIF,Presidential Innovation Fellows
PIF,Programme Individualisé de Formation
PIG,Projets d'intérêt général
PII,Plan d'intervention interne.
PIIS,projet individuel d’intégration scolaire
PIJ,Points d’information jeunesse
PIL,Programme d'insertion locale
PIM,Programmes intégrés méditerranéens
PIN,Programme d’initiative nationale>
PISA,Programme international de suivi des acquis
PJ,Police Judiciaire
PJGN,Pôle Judiciaire de la Gendarmerie Nationale
PJJ,Protection judiciaire de la jeunesse
PL,Poids Lourd
PLA,Prêt locatif aidé
PLACE,Plateforme des achats de l'État
PLAI,Prêt locatif aidé d'intégration
PLAJ,Projets locaux d'animation jeunesse
PLAN ORSEC,Plan d'organisation des secours
PLAS,Projets locaux d'animation sportive
PLATS,Prêt Locatif Aidé Très Social
PLD,Plafond légal de densité
PLDS,Plan local de développement social
PLE,Programmes locaux pour l’enfance
PLF,Projet de loi de finances
PLFSS,Projet de loi de financement de la Sécurité sociale
PLH,Programme local de l'habitat
PLI,Plan local d’insertion
PLI,Prêt locatif intermédiaire
PLI,Programme local d'installation.
PLIE,Plan local d’insertion par l’économique
PLIF,Programme local d’insertion des femmes isolées
PLIR,Plan de Lutte contre l'Insécurité Routière
PLOUF,Projet de loi d'orientation urbaine et foncière.
PLR,Programmes de logements à loyer réduit
PLS,Prêt locatif social
PLU,Plan local d'urbanisme
PLUS,Prêt locatif à usage social
PM,Premier Ministre
PM,Projet Médical
PM,Police Municipale ou Pistolet-Mitrailleur
PM(S)G,Préparation Militaire (Supérieure) Gendarmerie
PMA,Pays moins avancés
PMD,Psychose Maniaco-Dépresive
PME,Petites et moyennes entreprises
PMF,Personnel Militaire Féminin
PMI,Petites et moyennes industries.
PMI,Protection maternelle et infantile
PMIPDN,Périodes Militaires d'Initiation ou de Perfectionnement à la Défense Nationale
PMO,Prélèvement multi-organes
PMO,Peloton MOtorisé
PMPOA,Programme de maîtrise des pollutions d'origine agricole
PMS,Préparation militaire supérieure
PMSI,Programme de médicalisation des systèmes d'information
PMSMP,Période de Mise en Situation en Milieu Professionnel
PMT,Projet Médical de Territoire
PMU,Pari mutuel urbain
PMV,Panneau à Message Variable
PN,Parc National.
PN,Police Nationale
PNAAPD,Plan National d’Action pour des Achats Publics Durables
PNAEE,Programme national d'aménagement de l'efficacité énergétique.
PNAQ,Plan national d'allocations de quotas
PNAT,Parquet national antiterroriste
PNB,Produit national brut
PNDS,Portail National des Droits sociaux
PNDS,Protocole national de diagnostic et de soins
PNE,Plateforme Numérique de l’état
PNL,Programmation Neuro-Linguistique
PNMR,Plan national maladies rares
PNN,Produit national net.
PNNS,Plan National Nutrition Santé
PNR,Parc naturel régional
PNRU,Programme national de rénovation urbaine
PNU,Programme national d'intégration urbaine.
PNUD,Programme des Nations unies pour le développement
PNUE,Programme des Nations unies pour l'environnement
PNVASA,"Position, Nature, Volume, Attitude, Substances psychoactives absorbées, Armement"
PO,Product Owner
PO,Programme opérationnel
POA,Prime d'orientation agricole
POI,Plan d'occupation interne.
POI,Plan d'Opération Interne
POLMAR,Plan ORSEC pollution marine
POPS,Protocole d’Occupation du Patrimoine Social
POS,Plan d'occupation des sols
POS,Procédure Opératoire Standard
POSEIDOM,Programme d'options spécifiques à l'éloignement et l'insularité des départements d'outre-mer
PPA,Plan de protection de l'atmosphère
PPAE,Projet personnalisé d'accès à l'emploi
PPC,Projet Personnalisé de Compensation
PPE,Programmes prioritaires d'exécution
PPESV,Plan partenarial d'épargne salariale volontaire
PPESVR,Plan partenarial d'épargne salariale volontaire pour la retraite
PPH,Préparateur En Pharmacie Hospitalière
PPI,Plan particulier d'intervention
PPI,Plan pluriannuel d’investissements
PPI,Provision des investissements
PPI,Plan Particulier d'Intervention ou Parties Prenantes Individuelles
PPM,Président du Personnel Militaire
PPMS,Plan particulier de mise en sûreté face aux risques majeurs
PPNG,Plan Préféctures Nouvelle Génération
PPP,Partenariat public privé
PPP,Préfecture de Police de Paris
PPR,Plan de prévention des risques
PPRE,Programme personnalisé de réussite éducative
PPRI,Plan de prévention des risques d'inondation.
PPRIF,Plan de prévention des risques incendie de forêt.
PPRN,Plan de prévention des risques naturels
PPRNP,Plan de prévention des risques naturels prévisibles.
PPRR,Programme de Prévention du Risque Routier
PPRT,Plan de prévention des risques technologiques
PPS,Prêts participatifs simplifiés
PPS,Projet Personnalisé De Scolarisation
PPSPS,Plan Particulier de Sécurité et de Protection de la Santé
PPTH,Prospecteur placier pour travailleur handicapé
PPU,Parc public urbain.
PQE,Programmes de qualité et d'efficience
PR,Président de la République
PR,Procureur de la République
PRA,Plan de reprise d'activité
PRALD,Plan régional pour le logement des personnes défavorisées (Ile de France)
PRAPS,Programme Régional d’Accès a la Prévention et aux Soins
PRDC,Programme de développement coordonné.
PRDE,Plan régional de développement économique
PRDF,Plan régional de développement des formations.
PRDF,Programme régional de développement des formations professionnelles des jeunes
PRDFP,Plan régional de développement des formations professionnelles
PRDFPJ,Plan régional de développement des formations professionnelles des jeunes ou PRDF
PRE,Point de prévention des évacuations
PRE,Prêt à la reprise d'entreprise
PRE,Programme de Réussite Éducative
PRE,Prime de Résultats Exceptionnels
PREBAT,Programme de recherche sur l'Énergie dans le bâtiment.
PRECAM,Programme Régional Commun de l’Assurance Maladie
PREDAMA,Plan régional d'élimination des déchets autres que ménagers et assimilés
PREDD,Plan Régional d’Élimination des Déchets Dangereux
PREDI,Plan régional d'élimination des déchets industriels.
PREDIS,Plan régional d'élimination des déchets industriels spéciaux.
PREDIT,Programme de recherche et de développement pour l'innovation et la technologie dans les transports terrestres
PREFON,caisse nationale de Prévoyance de la Fonction Publique
PREJ,Programme régional pour l’emploi des jeunes
PRES,Pôles de recherche et d'enseignement supérieur
PRF,Programme régional de formation professionnelle ou PRAFP
PRI,Programme de Résorption de l’habitat Insalubre
PRI,Portrait Robot Informatisé
PRIAC,PRogramme Interdépartemental d’ACcompagnement des handicaps et de la perte d’autonomie
PRIM,Prévention des risques majeurs.
PRIS,Politique de Référencement Intersectoriel de Sécurité [dématérialisation des procédures]
PRISME,"Professionnels De l’Intérim, Services Et Métiers De l’Emploi"
PRM,Personne Responsable du Marché
PRO,Etudes de projet
PRP,Préretraite Progressive
PRQA,Plan régional de la qualité de l'air.
PRS,Projet Régional De Santé
PRSP,Plan (ou Programme) Régional de Santé Publique
PRST,Plan régional de Santé au Travail
PRT,Pré Retraite Totale
PRU,Projet de renouvellement urbain.
PS,Professionnels de Santé
PSA,Pistolet Semi Automatique
PSAM,Prestation spéciale assistante maternelle
PSC1,Prévention et secours civiques niveau 1
PSC1,Prévention et Secours Civiques de niveau 1
PSCE,Prestataire de services de certification électronique [dématérialisation des procédures]
PSD,Prestations spécifique dépendance
PSD,Prêt Spécial Différé
PSE,Placement sous surveillance électronique
PSE,Prestations supplémentaires éventuelles
PSE,Premiers Secours en Équipe
PSE 1,Premiers secours en équipe niveau 1
PSE 2,Premiers secours en équipe niveau 2
PSEM,Placement sous surveillance électronique mobile
PSF,Pharmaciens sans frontières
PSI,Plan de Soins Infirmiers
PSI,Prélèvement à la source pour les indépendants
PSI,Prêt Spécial Immédiat
PSI,"Psychologie, Soutien, Intervention"
PSIC,Peloton de Surveillance et d'Intervention à Cheval
PSIG,Peloton de surveillance et d'intervention de la gendarmerie
PSIG,Peloton de Surveillance et d'Intervention de Gendarmerie
PSL,Produits Sanguins Labiles
PSLA,Prêt social de location-accession
PSMV,Plan de sauvegarde et de mise en valeur.
PSO,Plan Sécurité Opérateur
PSOM,Point de Situation Opérationnel Hebdomadaire
PSOM,Point de Situation Opérationnel Mensuel
PSOP,Paiement sans ordonnancement préalable
PSP,Score de poids sur la santé publique
PSPG,Peloton Spécialisé de Protection de la Gendarmerie
PSPH,Participant au Service Public Hospitalier (Voir aussi ESPIC dans le cadre de la loi HPST )
PSR,Programmes sociaux de relogement
PSRS,Plan Stratégique Régional De Santé
PSS,Plan des surfaces submersibles.
PSS,Programme Social Spécial
PST,Programme Social Thématique
PSU,Plan sommaire d'urbanisme.
PTAC,Poids total autorisé en charge.
PTCE,Pôle territorial de coopération économique
PTE,"Postes, télécommunications et espace"
PTI,Pacte Territoriale D’insertion
PTM,Prévention Technique de la Malveillance
PTNCP,Plan de transformation numérique de la commande publique
PTOM,Pays et territoires d'outre-mer
PTS,Police technique et scientifique
PTT,"Postes, télégraphe et télécommunications"
PTZ,Prêt à taux zéro
PU-PH,Professeur des universités - praticien hospitalier
PUC,Plan d'urbanisme communal.
PUCE,Programme d'urgence des communautés européennes.
PUD,Plan d'urbanisme directeur.
PUI,Plan d'urgence interne
PUPH,Professeur des Universités Praticien Hospitalier
PUV,Petite Unité De Vie
PV,Procès-verbal
PV(E),Procès Verbal (Électronique)
PVC,Polychlorure de vinyle.
PVD,Pays en voie de développement
PVR,Participation pour voirie et réseaux
PVRA,Procès Verbal de Renseignement Administratif
PZEA,Plan de zone exposées aux avalanches
PZSIF,Plan de zones sensibles aux incendies de fôret.
QCM,Question (ou Questionnaire) à Choix Multiples
QD,Quartier disciplinaire.
QE,Question écrite
QE,Quotient Emotionnel
QEE,Question Ecrite Européenne
QF,Quotient familial
QHS,Quartiers de haute sécurité
QI,Quotient intellectuel
QI,Quartier d’isolement.
QL,Quartier Libre
QO,Question Orale
QP,Question parlementaire
QPC,Question prioritaire de constitutionnalité
QPV,Quartiers prioritaires pour la politique de la ville
RA,Renseignement Administratif
RAAE,Recueil des actes administratifs de l'état.
RABC,Risk analysis and bio contamination control (analyse et traitement des points critiques)
RAD,Retour à Domicile
RAEP,Reconnaissance des Acquis de l'Expérience Professionnelle
RAESP,Référent Atteintes à l'Environnement et à la Sécurité Publique
RAFP,Régime additionnel de la fonction publique
RAIL,Réseau d’accueil et d’insertion par le logement
RAO,Rapport d'Analyse des Offres
RAP,Rapport annuel de performance
RAPAPLA,Rachat d’un PAP par l’utilisation du livret A
RAPS,Réseau d'appui aux personnes et aux structures
RAQPA,Résidence D’accueil De Quartier Pour Personnes âgées
RAR,Réseau Ambition Réussite
RAS,Réseau d’Aides Spécialisées
RASED,Réseaux d'aides spécialisées aux élèves en difficulté
RATP,Régie autonome des transports parisiens
RAZ,Règlement d'aménagement de zone.
RBE,Résultat brut d'exploitation
RBPP,Recommandations De Bonnes Pratiques Professionnelles (édité par l’ANESM)
RC,Release Candidate
RC,Ressource Complémentaire
RC/RPC,Règlement de la consultation (ou RPC : Règlement Particulier de la Consultation) -
RCA,Revenu Contractualisé D’autonomie
RCB,Rationalisation des choix budgétaires
RCB,Réunion des Commandants de Brigade
RCC,Réunion des Commandants de Compagnie
RCI,Relevé de Compte Individuel
RCP,Réunions de Concertation Pluridisciplinaire ( oncologie )
RD,Route départementale.
RDAM,Règlement départemental d’aide médicale
RDAS,Règlement départemental d’aide sociale
RDK,Relevé DECAdactylaire
RDR,Règlement de développement rural.
RDS,Remboursement de la dette sociale
RE,Ressource Employée
REAAP,"RESEAU D’ECOUTE, D’APPUI ET D’ACCOMPAGNEMENT DES PARENTS"
REAP,Recensement économique de l'achat public
REFIOM,Résidus d'épuration des fumées d'incinérateur d'ordures ménagères
RENASS,Réseau national de surveillance sismique
REP,Réseau d’Éducation Prioritaire
REP+,Réseau d’éducation prioritaire renforcée
RER,Réseau express régional
RES,Rachat d'une entreprise par ses salariés
RES,Réseau d’échange de savoir
RESAA,Réseau Addictologie Allier
RESE,Réseau d’Echange en Santé Environnement
RESP,Réseau d'Écoute et de Solidarité de proximité
RETEX,RETour sur EXpérience
REUNISAF,Réseau De Prévention Du Syndrome D’alcoolisation Fœtal (réseau Saf à La Réunion)
RFF,Réseau ferré de France
RFF,Rémunération de Fin de Formation
RFI,Radio France internationale
RFO,Société nationale de radiotélévision française d'outre-mer
RFP,Régie française de publicité
RFPE,Rémunération des formations de Pôle emploi
RG,Renseignements Générauxou Région de Gendarmerie
RGAA,Référentiel général d’accessibilité
RGC,Routes à Grande Circulation
RGCC,Révision Générale du Contenu des Concours
RGE,Référentiel à Grande Echelle de l'IGN
RGI,Référentiel général d'interopérabilité
RGPC,Région de Gendarmerie Poitou-Charente
RGPD,Règlement Général sur la Protection des Données
RGPP,Révision générale des politiques publiques
RGS,Référentiel Général de Sécurité
RGU,Règlement général d'urbanisme
RH,Ressources Humaines
RHI,Résorption de l’Habitat Insalubre
RIAP,Relevé Individuel d’Activité et de Prescription
RIB,Relevé d'identité bancaire.
RIC,Réferendum d'Initiative Citoyenne
RIE,Réseau Internet de l'État
RIF,Registre international français
RIM,Réunion Interministérielle
RIMBAUD,Réseau InterMinistériel de BAse Uniformément Durci
RIME,Répertoire Interministériel des Métiers
RIP,Répéteur Indépendant Portable
RIS,Recueil d’Information Standard
RJT,Residence Jeunes Travailleurs
RLJC,Réservistes Locaux à la Jeunesse et à la Citoyenneté
RM,Réserve Ministérielle
RMA,Revenu minimum d'activité
RMI,Revenu minimum d'insertion
RMN,Résonance magnétique nucléaire
RMN,Réunion des musées nationaux
RMN,Résonance magnétique nucléaire.
RMP,Revue des Marchés Publics
RMPP,Rémunération moyenne des personnes en place
RN,Route nationale.
RNA,Répertoire National des Associations
RNCP,Répertoire National Des Certifications Professionnelles
RNCPS,Répertoire National Commun de la Protection Sociale
RNCS,Registre national du Commerce et des Sociétés
RNIPP,Répertoire National d'Identification des Personnes Physiques
RNIS,Réseau numérique à intégration de services
RNU,Règlement national d'urbanisme.
RO,Rétablissement de l'Ordre
RO1(2),Réserve Opérationnelle de premier (deuxième) niveau
ROC,Reconnaissance optique de caractères.
ROG,répertoire officiel des génériques
ROME,Répertoire Opérationnel des Métiers et des Emplois
ROR,Rougeole Oreillons Rubéole (vaccin)
ROTI,Return On Time Invested
RP,Relation Presse
RP,Responsable de programme (LOLF)
RP,Rétablissement personnel
RP,Réduction de peine.
RPD,Système d’Acquisition Dynamique
RPI,Regroupements pédagogiques intercommunaux
RPS,Relations avec les Professionnels de Santé
RPS,Risques Psycho-Sociaux
RPS,Rémunération publique des stagiaires
RQTH,Reconnaissance de la Qualité de Travailleur Handicapé
RRC,Réseau Régional de Cancérologie
RRE,Réseau Réussite Éducative (anciennement ZEP)
RRF,Rééducation et Réadaptation Fonctionnelle
RRN,Réseau Routier National
RRS,Réseau De Réussite Scolaire
RS,Référent Sûreté
RSA,Revenu de solidarité active
RSD,Règlement sanitaire départemental.
RSI,Régime social des indépendants
RSP,Rémunération des stagiaires de la formation professionnelle
RSP,Réduction supplémentaire de peine.
RTE,Réseau de transport d'électricité
RTES,Réseau Des Territoires Pour L’economie Solidaire
RTLN,Réunion des théâtres lyriques nationaux
RTM,Restauration des terrains en montagne
RTN,Reprise de Travail Notifiée
RTRS,Réseau Thématique de Recherche et de Soins
RTT,Réduction du temps de travail
RU,Rénovation urbaine.
RUM,Résumé d’Unité Médicale
RUP,Régions ultrapériphériques d'Europe
RUPI,Référent Unique Parcours D’insertion
RÉSEAU IMPEL,Réseau de l'union européenne pour l'application et le respect du droit de l'environnement
SA,Société anonyme
SA,Syndrome D’asperger
SA2E,Service D’accompagnement Éducatif Externalisé
SAAAIS,Service d’aide à l’acquisition de l’autonomie et à l’intégration scolaire ( pour déficients visuels )
SAAD,Service annexe d'amortissement de la dette
SAAD,Service d’Aide A Domicile
SACE,Secrétaire Administratif de Classe Exceptionnelle
SACEM,"Société des auteurs, compositeurs et éditeurs de musique"
SACI,Société anonyme de crédit immobilier
SACICAP,Société anonyme coopérative d'intérêt collectif pour l'accession à la propriété
SACN,Service de l'audit central national
SACR,Schéma d'analyse de couverture des risques
SACS,Secrétaire Administratif de Classe Supérieure
SAD,Soins à domicile
SAD,Système d’Acquisition Dynamique
SADJAV,Service de l’accès au droit et à la justice et de l’aide aux victimes
SAE,Service des Achats de l'État
SAE,Société anonyme européenne.
SAE,Stage d'accès à l'entreprise
SAE,Statistique annuelle sur les établissements de santé
SAEE,Service D’accompagnement Éducatif Externalisé
SAELSI,Service de l'Achat des Équipements et de la Logistique de la Sécurité Intérieure
SAEM,Société anonyme d'économie mixte.
SAEMF,Service d’Action Educative en Milieu Familial
SAEMO,Service d’Assistante Educative en Milieu Ouvert
SAEPA,Syndicat d'adduction d'eau potable et d'assainissement.
SAF,Service D’accompagnement Familial
SAFE,Service d’Accompagnement Familial et Educatif
SAFEP,Service d’accompagnement familial et d’éducation précoce
SAFER,Sociétés d'aménagement foncier et d'établissement rural
SAFI,Service des affaires financières et immobilières
SAFI1,Sous-direction des affaires budgétaires et de la performance
SAFI1A,Bureau Synthèse budgétaire du périmètre économie et engagements financiers - SAFI1A
SAFI1B,Bureau Synthèse budgétaire du périmètre gestion des ressources humaines et des finances publiques
SAFI1C,Bureau Performance et contrôle de gestion - SAFI1C
SAFI2,Sous-direction de la gestion financière et de la maîtrise des risques
SAFI2A,Centre de prestations financières
SAFI2B,Bureau Organisation et système d'information financiers
SAFI2C,Bureau Maîtrise des risques et audit
SAG,Section Aérienne de Gendarmerie
SAGE,Schéma d'aménagement de gestion des eaux
SAGE,Schéma d'aménagement et de gestion des eaux.
SAGEOSS,Système Aéroportuaire de GEstion de l'information Opérationnelle de Sécurité et de Sûreté
SAIA,Service Académique d’Inspection de l’Apprentissage
SAIF,Sociétés agricoles d'investissement foncier
SAIO,Service Académique d’Information et d’Orientation
SALT,Strategic arms limitation treaty (Traité de limitation des armes stratégiques)
SALVAC,Système d'Analyse des Liens de la Violence Associée aux Crimes
SAM,Seconds À Marcher
SAMP,"Section de l'Armement, des Munitions et de la Pyrotechnie"
SAMSAH,Service d’Accompagnement Médico-Social pour Adultes Handicapés
SAMU,Service d'aide médicale urgente
SAN,Syndicat d’agglomérations nouvelles
SAO,Service accueil et orientation
SAP,Service Aux Personnes
SAP,Service Administration du Personnel
SAPAD,Service d’Accompagnement Pédagogique à Domicile
SAPMN,Service D’adaptation Progressive En Milieu Naturel
SARL,Société à responsabilité limitée
SARVI,Service d’aide au recouvrement des victimes d’infractions.
SAS,Service Action Sociale
SAS,Service d’accompagnement à la vie sociale
SASE,Service d’aide sociale à l’enfance
SASU,Secrétaire d’Administration Scolaire et Universitaire
SAT,Service de l'animation territoriale de la politique du travail et de l'action de l'inspection du travail
SATESE,Services d'assistance technique pour l'exploitation des stations d'épuration
SATT,Section Aménagée du Temps de Travail
SAU,Service d’accueil d’urgence
SAU,Superficie agricole utilisée.
SAUO,Service d’Accueil des Urgences et d’Orientation
SAVS,Service d’Accompagnement à la Vie Sociale
SBA,Small Business Act
SBDU,Service des biens à double usage
SCA,Sociétés coopératives agricoles
SCA,Syndicats communautaires d'aménagement
SCA,Direction centrale du service du commissariat des armées
SCAFR,Société centrale d'aménagement foncier rural.
SCAM Satory,Service central des achats de la maintenance
SCBCM,Service de contrôle budgétaire et comptable ministériel
SCBCM,Service de contrôle budgétaire et comptable ministériel Travail et emploi
SCE,Société coopérative européenne.
SCEREN CNDP,Musée national de l'éducation - Centre de ressources et de recherche
SCET,Société centrale pour l'équipement du territoire.
SCHS,Services communaux d'hygiène et de santé
SCI,Sociétés civiles immobilières
SCIC,Société centrale immobilière de la Caisse des dépôts
SCIC,Sociétés Coopératives D’intérêt Collectif
SCL,Service commun des laboratoires
SCN,Service à Compétence Nationale
SCOP,Sociétés coopératives ouvrières de production
SCOP,Surface en céréales oléagineuses et protéagineuses.
SCOT,Schéma de cohérence territoriale
SCPC,Service Central de Prévention de la Corruption
SCPC,Service de consultation du plan cadastral
SCPI,Société civile de placement immobilier
SCPRI,Service central de protection contre les rayonnements ionisants
SCR,Service central des rapatriés
SCRTA,Service Centrale des Réseaux et des Technologies Avancées
SCS,Section Centrale des Sources
SCSESR,Service de la coordination des stratégies de l'enseignement supérieur et de la recherche
SCT,Schéma de cohérence territoriale
SD,Schéma directeur.
SDA,Service départemental de l'architecture
SDACR,Schéma départemental d'analyse et de couverture des risques.
SDAGE,Schéma directeur d'aménagement et de gestion des eaux
SDAGV,Schéma départemental d'accueil des gens du voyage.
SDAO,Sous-Direction de l'Anticipation Opérationnelle
SDAP,Service Départemental de l'Architecture et du Patrimoine
SDAPL,Section départementale des aides publiques au logement
SDAS,Service départemental d’aide sociale
SDAT,Sous-direction antiterroriste
SDAU,Schéma directeur d'aménagement et d'urbanisme
SDC,Schéma de développement commercial.
SDC,Schéma départemental des carrières
SDCI,Schéma départemental de coopération intercommunale
SDDOP,Sous-Direction de la Défense et de l'Ordre Public
SDDS,Schéma directeur départemental des structures
SDEC,Schéma de développement de l'espace communautaire.
SDECE,Service de documentation extérieure et de contre-espionnage
SDES,Service de la donnée et des études statistiques
SDF,Sans domicile fixe
SDFE,Service des droits des femmes et de l’égalité
SDGP,Sous-Direction de la Gestion des Personnels
SDIG,Sous-Direction de l'Information Générale
SDIS,Service départemental d'incendie et de secours
SDIS,Service Départemental Incendie et Secours
SDL,Schéma directeur local
SDLC,Sous-direction de lutte contre la cybercriminalité
SDOE,Sous-Direction de l'Organisation et des Effectifs
SDOSMSPA,Schème Départemental d’Organisation sociale et Médico-Sociale pour les Personnes Âgées
SDOSMSPH,Schéma Départemental d’Organisation sociale et Médico-Sociale pour les Personnes Handicapées
SDP,Station debout pénible
SDPJ,Sous-Direction de la Police Judiciaire
SDR,Société de développement régional
SDRIF,Schéma directeur de la région Ile-de-France
SDRN,Schéma directeur des routes nationales.
SDRT,Services Départementaux de Renseignement Territorial
SDSE,Sous-direction de la statistique et des études
SDSPSR,Sous-Direction de la Sécurité Publique et de la Sécurité Routière
SDTCR,Section Déplacements Temporaires et Changements de Résidence
SE,Surveillant d’Externat
SEA,Soudure électrique à l’arc
SEAT,Service éducatif auprès du tribunal
SEATER,Service d'étude et d'aménagement touristique de l'espace rural
SEATM,Service d'étude et d'aménagement touristique de la montagne
SEBC,Système européen de banque centrale
SECAE,Société d'exploitation des cinémas d'art et d'essai
SEDAP,Société D’entraide Et D’action Psychologique
SEES,Service d’Éducation Et D’enseignement Spécialisé
SEFA,Société d'épargne foncière agricole
SEFRANE,Service pour l'emploi des Français à l'étranger
SEGPA,Section d’Enseignement Général et Professionnel Adapté
SEHA,Section d’Éducation Pour Enfants Avec Handicap Associé
SEITA,Société d'exploitation industrielle des tabacs et allumettes
SEJE,Soutien à l'emploi des jeunes en entreprise
SEL,Système d’échange local
SEM,Société d'économie mixte
SEMA,Service des eaux et des milieux aquatiques.
SEMCA,Société d'économie mixte concessionnaire d'autoroutes
SENR,Schéma des espaces naturels et ruraux.
SEP,Synthèse D’évaluation Et De Projet
SEP,Service de l'environnement professionnel
SEP-RIEP,Service de l'emploi pénitentiaire - Régie industrielle des établissements pénitentiaires
SEP2D,Bureau de la documentation et des archives
SEPA,Single Euro Payments Area (Espace unique de paiement en euros)
SEPAD,Soutien Et Protection à Domicile
SEPIA,Secteur d’expérimentation sur l’habitat des personnes âgées
SEPT,Société européenne de programmes de télévision
SEREBC,"Service de l'exécution financière, de la gestion logistique des biens et de la comptabilité"
SERMO,service d’Éducation et Rééducation en Milieu Ouvert
SERNOC,SERvice NOCturne
SES,Section d’Education SpécialiséeAncienne dénomination des actuelles SEGPA
SESAD,Service Educatif De Soin A Domicile
SESAME,Service de soutien et d'accompagnement sur les marchés extérieurs
SESI,"Service des statistiques, des études et des systèmes d’information (ministère des Affaires sociales)"
SESSAD,Service d’Education et de Soins Spécialisés A Domicile
SESSD,Service d’éducation et de soins spécialisés à domicile ( pour handicapés moteurs )
SETRA,Service d'études techniques des routes et autoroutes.
SF,Sage-femme
SFAP,Société Française d’Accompagnement et de soins Palliatifs
SFEE,"Service de la forêt, de l'eau, et de l'environnement"
SFEN,Société française d'énergie nucléaire
SFETD,Société Française d’Etude et de Traitement de la Douleur
SFGG,Société Française de Gériatrie et de Gérontologie
SFH,Société Française d’Hématologie
SFLS,Société Française de Lutte contre le SIDA
SFP,Société française de production et création audiovisuelle
SFR,Société de financement régional
SFRM,Société française des risques majeurs.
SFSP,Société Française de Santé Publique
SFT,Supplément familial de traitement
SG,Secrétaire Général·e
SG,Sécrétariat général
SG,Surveillance Générale
SGA,Secrétariat général pour l'administration
SGAE,Secrétariat général des Affaires européennes
SGAP,Secrétariat Général pour L'Administration de la Police
SGAPA,Section Gestion Automatisée Personnels Administration
SGAR,Secrétariat général pour les affaires régionales
SGBD,Système de Gestion de Base de Données
SGCISN,Secrétariat général du comité interministériel de la sécurité nucléaire
SGCIV,Secrétariat général du Comité interministériel des villes (ex DIV)
SGDN,Secrétariat général de la défense nationale
SGDSN,Secrétariat général de la défense et de la sécurité nationale
SGFGAS,Société de Gestion du Fonds de Garantie de l’Accession Sociale
SGG,Secrétariat général du gouvernement
SGMAP,Secrétariat Général pour la Modernisation de l'action Publique.
SGMCAS,Secrétariat général des ministères chargés des affaires sociales
SHO,Surface de plancher hors œuvre.
SHOB,Surface hors œuvre brute.
SHOM,Service hydrographique et océanographique de la marine
SHON,Surface hors œuvre nette.
SI,Système d’Information
SI-DEP,Système d’information de dépistage
SIA,Syndicat intercommunal d'assainissement.
SIAD,Soins Infirmiers À Domicile
SIADE,Système Interne d'Api De l'État
SIAE,Structures D’insertion Par L’activité Economique
SIAO,Service Intégré D’accueil Et d’Orientation (voir aussi PDAHI Dispositif faisant parti du 115)
SIASP,Système d'information sur les agents des services publics
SIC,Site d'intérêt communautaire
SIC,Systèmes d'Information et de Communication
SICA,Société d'intérêt collectif agricole
SICAV,Société d'investissement à capital variable
SICLONE,Système d’Information sur la Construction de Logements et Locaux Neufs
SICOF,Service D’intervention Et De Consultation Familiale
SICOMI,Société immobilière pour le commerce et l'industrie
SICOP,Service d'information et de communication de la police nationale
SICTIAM,Service Informatique des Collectivités Territoriales
SID,Système d’information décisionnel pénal
SID,Service d'infrastructure de la défense
SIDA,Syndrome immunodéficitaire acquis
SIDER,Société d'investissement pour le développement rural
SIDO,Société interprofessionnelle des oléagineux
SIDPC,Service interministériel départemental de protection civile
SIDPC,Service Interministériel de Défense et de Protection Civile
SIDPP,Sécurisation des Interventions et Demandes Particulières de Protection
SIDSIC,Service interministériel départemental et systèmes d’information et de communication
SIE,Service des impôts des entreprises
SIEC,Service Interacadémique des Examens et Concours
SIECLE,"Système d'Information pour les Élèves des Collèges, des Lycées et pour les Établissements"
SIEM,Société immobilière d'économie mixte.
SIEP,Syndicat intercommunal d'études et de programmation
SIFE,Stage d'insertion et de formation à l'emploi
SIG,Service d’information du gouvernement
SIG,Système d'Information Géographique
SIG,Sauveteur en Intervention Gendarmerie
SIGE,Service de l’Informatique de GEstion
SIH,Systéme d’Information Hospitalier
SIIC,Société d'investissement immobilier coté
SIL,Système d'Information Logistique
SIM,Société immobilière de Mayotte
SIMAP,Système d'Information sur les Marchés Publics
SIMMAD,Structure intégrée de maintien en conditions opérationnelles des matériels aéronautiques de la défense
SIMMAD,Direction centrale de la structure intégrée du maintien en condition opérationnelle des matériels aéronautiques de la défense
SIMMT,Direction centrale de la structure intégrée du maintien en conditions opérationnelle des matériels terrestres
SIMU,Service interarmées des munitions
SIO,Session d’Information et d’Orientation
SIOE,Service d’investigation et d’orientation éducative
SIPFP,Section D’initiation à La Première Formation Professionnelle Anciennement IMPRO
SIR,Société d'investissement régionale.
SIRACEDPC,Service interministériel régional des affaires civiles et économiques de défense et de protection civiles
SIRASCO,"Service d'Information, de Renseignement et d'Analyse Stratégique sur la Criminalité Organisée"
SIRCOM,Service de la communication
SIRE,Direction du système d'information relatif aux équidés
SIRENE,Système informatisé du répertoire national des entreprises et des établissements
SIRH,Systèmes d’information des ressources humaines
SIRH,Système d'Information Ressources Humaines
SIRH,Service Performance des services numériques
SIRHEN,SI RH de l'Education Nationale
SIRPA,Service d'information et de relations publiques des armées
SIRU,Syndicat intercommunal de résidus urbains
SIS,SIDA Info Service
SIS,Système d'Information Schengen
SITTAR,"Service de l'innovation, du transfert de technologie et de l'action régionale"
SIV,Système d'Immatriculation des Véhicules
SIVEP,Service d'inspection vétérinaire et phytosanitaire aux frontières
SIVIS,Système d’information et de vigilance sur la sécurité scolaire
SIVOM,Syndicat intercommunal à vocations multiples
SIVOS,Syndicat Intercommunal à Vocation Scolaire
SIVP,Stage d'initiation à la vie professionnelle
SIVU,Syndicat intercommunal à vocation unique
SJW,Social Justice Warrior
SL,Semi-liberté.
SLA,Service-level agreement
SLAE,Schéma local d'aménagement et d'environnement.
SLD,Service de longue durée (appelé aussi service de longs séjours) dans les centre hospitaliers
SLM,Sections Locales Mutualistes
SLS,Supplément de loyer de solidarité
SMA,Service militaire adapté
SMDSM,Système mondial de détresse et de sauvetage en mer
SME,Sursis avec mise à l’épreuve
SME,Système monétaire européen
SME,Sursis mise à l’épreuve.
SMELC,"Situation, Mission, Exécution, Logistique, Commandement et Liaison"
SMEPP,"Situation, Mission, Exécution, Place du chef, Place du groupe"
SMI,Surface minimum d'installation (agriculture)
SMI,Système monétaire international.
SMIC,Salaire minimum interprofessionnel de croissance
SMIG,Salaire minimal interprofessionnel garanti.
SMIS,"Service médical, infirmier et social"
SMITOM,Syndicat mixte intercommunal de traitement des ordures ménagères
SMITer,Service de la maintenance industrielle terrestre
SMPR,Services médico-psychologiques régionaux
SMPT,Salaire moyen par tête
SMR,Service Médical Rendu
SMR,Stratégie ministérielle de réforme
SMR,Section Maîtrise des Risques
SMS,Sciences Médico Sociales
SMUR,Structure mobile d’urgence et de réanimation
SMVM,Schéma de mise en valeur de la mer
SNA,Service national de l’adresse
SNADT,Schéma national d'aménagement et de développement du territoire.
SNAECSO,Syndicat National des Association Employeurs de Personnels au service des centre sociaux et socio-culturel
SNAPEI,Syndicat national des associations de parents d’enfants inadaptés voir la nouvelle dénomination FEGAPEI
SNASEA,Syndicat national des associations pour la sauvegarde de l’enfance et de l’adolescence
SNC,Système Nerveux Central
SNCF,Société nationale des chemins de fer français
SNCM,Société nationale maritime Corse-Méditerranée
SNDD,Stratégie nationale du développement durable
SNECMA,Société nationale d'études et de constructions de moteurs d'aviation
SNEP,Société nationale des entreprises de presse
SNFEO,Stage National de Formation à l'Encadrement Opérationnel
SNI,Syndicat national des instituteurs
SNI,Société Nationale Immobilière
SNIA,Service national d'ingénierie aéroportuaire
SNIAS,Société nationale industrielle aérospatiale
SNIIL,Syndicat national des infirmiers et infirmières libérales
SNIIRAM,Système National d’Informations Inter régimes de l’Assurance Maladie
SNLE,Sous-marin nucléaire lanceur d'engins
SNPA,Société nationale des pétroles d'Aquitaine
SNSM,Société nationale de sauvetage en mer
SNV,Sciences de la nature et de la vie.
SOA,Soudure Oxygène/Acétylène
SOA,Sous-Officier Adjoint
SOASIF,service d’orientation et d’accompagnement spécialisé d’Ile-de-France
SOC,Sous-officier de carrière
SOE,Sous-Officier d’Échelon
SOFARIS,Société française pour l'assurance du capital risque des PME
SOFERGIE,Sociétés agréées pour le financement des économies d'énergie
SOFIA,Société française des intérêts des auteurs de l'écrit
SOFICA,Sociétés pour le financement de l'industrie cinématographique et audiovisuelle
SOFINOVA,Société financière d'innovation
SOFIRAD,Société financière de radiodiffusion
SOFIREM,Société financière pour l'industrialisation des régions minières
SOFRATEV,Société française d'études et de réalisations d'équipements de radiodiffusion et de télévision
SOG,Sous-Officier de Gendarmerie
SOGED,Schéma d’Organisation et de Gestion des Déchets
SOMIVAC,Société pour la mise en valeur agricole de la Corse
SONACOTRA,Société nationale de construction de logements pour les travailleurs
SOP,Syndicat des organismes privés
SOPAE,Schéma Organisationnel d’un Plan Assurance Environnement
SOPAQ,Schéma Organisationnel d’un Plan Assurance Qualité
SOPEXA,Société pour l'expansion des ventes de produits agricoles et alimentaires
SOPSR,"Service d'Ordre, de Protection et de Sécurité Routière"
SOREFI,Sociétés régionales de financement
SOSED,Schéma d’Organisation et de Suivi de l’Elimination des Déchets de chantier
SOT,Section Occupationnelle Thérapeutique
SOVAFIM,Société de valorisation foncière et immobilière
SPA,Société protectrice des animaux
SPA(J),Situation de Prise d'Armes (Journalière)
SPAC,Service parisien de soutien de l'administration centrale
SPANC,Services publics d'assainissement non collectif
SPASAD,Service Polyvalent d’Aide et de Soins A Domicile (ex SSIAD et SSAD)
SPD,Service Public de la Donnée
SPE,Service de Protection de l’Enfance
SPE,Service public de l’emploi
SPE,Statistique du personnel non médical des établissements publics de santé
SPEL,Service Public de l'Emploi Local
SPEN,Service public de l’emploi national
SPER,Service public de l’emploi régional
SPFCO,"Service de la performance, du financement et de la contractualisation avec les organismes de recherche"
SPG,Sécurité Publique Générale
SPGE,Service de la protection et de la gestion de l'espace.
SPHP,Service de Protection des Hautes Personnalités
SPI,Score de possibilité d’intervention
SPIE,Service public de l’insertion et de l’emploi
SPIJ,Secteurs De Psychiatrie Infanto-juvénile
SPIP,Service pénitentiaire d’insertion et de probation
SPIP,Services pénitentiaires d’insertion et de probation.
SPL,Super Poids-Lourd
SPLA,Société publique locale d'aménagement
SPM,Services du Premier Ministre
SPNDE,Service pour un nouveau départ pour l’emploi
SPO,Service public de l’orientation
SPPICAV,Société de placement à prépondérance immobilière à capital variable
SPPPI,Secrétariat permanent pour les problèmes de pollution industrielle.
SPRO,Service public régional de l’orientation
SPS,Santé Prévention Sécurité
SPVA,Site Pour La Vie Autonome
SPVL,Service De Proximité Et De Vie Locale
SR,Section de Recherche
SRA,Stage de réinsertion en alternance
SRADT,Schéma régional d'aménagement et de développement du territoire.
SRAE,Service régional de l'aménagement des eaux.
SRC,Service régional de contrôle de la formation professionnelle
SRCT,Service des relations et des conditions de travail
SRE,Service des retraites de l’État
SRE,Service régional de l'équipement.
SREPS,Schéma Régional d’Education Pour la Santé
SRIAS,Section régionale interministérielle d’action sociale
SROS,Schéma Régional d’Organisation Sanitaire
SRU,Solidarité et renouvellement urbain
SS,Sécurité sociale
SSA,Service Statistique Académique
SSAD,Service de soins spécialisés à domicile
SSAE,Service social d'aide aux émigrants
SSC,Schéma de services collectifs.
SSD,Service Social Départemental
SSE,Service Social de l’Enfance
SSEEPAD,Service De Soutien Éducatif Enfants/parents
SSEFIS,Service de Soutien à l’Education Familiale et à l’Intégration Scolaire Le SSEFIS intervient auprès d’enfants dédicients auditifs et de leur famille
SSESD,"Service de soins et d’éducation spécialisés à domicile ( terme générique regroupant les SESSAD, SSEFIS, SSAD, SAAAIS, SESSD ),"
SSF,Direction centrale du service de soutien de la flotte
SSI,Service social international
SSIAD,Services de soins infirmiers à domicile
SSIG,services sociaux d’intérêt général
SSII,Société de service informatique
SSIPA,Service de soins infirmiers au domicile des personnes âgées
SSM,Service Social Maritime (association Employant Les Assistants De Service Social Au Service Des Marins Sur Tout Le Littoral)
SSM,Stage de Sensibilisation Montagne
SSM,Services statistiques ministériels
SSOR,Section du Système des Opérations et du Renseignement
SSPI,Salle de surveillance post interventionnelle
SSR,Soins de Suite et de Rééducation
SSRI,Service de stratégie de la recherche et de l'innovation
SSST,Section Santé et Sécurité au Travail
ST,Science de la terre.
ST,Soit Transmis
ST2S,Sciences et technologies de la santé et du social
STAC,Service technique de l'aviation civile
STAPS,Licence science technique des activités physiques et sportives
STAR,Système téléphonique d'alerte aux risques
STATISS,Statistiques et Indicateurs de la Santé et du Social
STAV,Sciences et technologies de l’agronomie et du vivant
STD2A,Sciences et technologies du design et des arts appliqués
STEP,Science de la terre de l'environnement et des planètes.
STHR,Sciences et technologies de l’hôtellerie et de la restauration
STI,Sciences Techniques et Industrielles
STI2D,Sciences et technologies de l’industrie et du développement durable
STIC,Soutient Aux Technologies Innovantes Et Couteuses
STIC,Section Technique d'Investigation Criminelle
STIF,Syndicat des transports d'Ile-de-France
STIG,Service de Traitement de l'Information de la Gendarmerie
STIG,Système de Transmission des Interceptions Judiciaires
STIIC,Service Technique d’Inspection des Installations Classées
STIIIC,Service Technique Interdépartemental d’Inspection des Installations Classées
STL,Sciences et Technologies de Laboratoire
STMG,Sciences et technologies du management et de la gestion
STO,Service du travail obligatoire
STR,Stratégie De Rechercher D’emploi
STRJD,Service Technique de Renseignement Judiciaire et de Documentation
STRMTG,Service technique des remontées mécaniques et des transports guidés
STSI2,Service des Technologies et des Systèmes d'Information de Sécurité Intérieure
STT,Sciences Techniques Tertiaires
STU,Service technique de l'urbanisme.
SUE,Service unifié de l’enfance
SUIO,Service universitaire d'information et d’orientation ; Service universitaire d'insertion et d'orientation
SUP,Servitude d'utilité publique.
SUPMECA,Institut supérieur de mécanique de Paris
SVA,Service à valeur ajoutée.
SVA,Site pour la Vie Autonome
SVE,Saisine par voie électronique
SVE,Service volontaire Européen
SYNEAS,"Syndicat D’employeurs Associatifs Sanitaire, Social Et Médico-social"
SYNERPA,Syndicat National des Établissements et Résidences Privées pour Personnes Âgées
SZAS,Sécurité des Zones d'Affluence Saisonnière
T2A,Tarification à l'activité
TA,Tribunal administratif.
TA,Timbre Amende
TA,Témoin assisté.
TAA,Tarification A l’Activité
TAAF,Terres australes et antarctiques françaises
TAC,Taxe de l'aviation civile
TACA,Taxe d'aide au commerce et à l'artisanat
TAJ,Traitement des Antécédents Judiciaires
TAM,Tir Armement Munitions
TAMS,Territoire d’Action Médico-Sociale
TAP,Tribunal d’application des peines.
TAS,Tutelle aux prestations sociales
TASS,Tribunal des affaires de sécurité sociale
TAT,Taxe d'aménagement du territoire
TAV,Taux annuel de variation.
TBUR,Tableau de Bord des Unités de Recherche
TC,Tranche Conditionnelle
TC,Tribunal de commerce
TC,Territorialement Compétent ou Transports en Commun
TC,Tribunal Correctionnel.
TCA,Taxe sur les conventions d'assurance
TCA,Trouble du Comportement Alimentaire
TCAF,Trouble Cause Par L’alcoolisation Foetale
TCB,Terrain classé boisé.
TCE,Tous corps d’état
TDENS,Taxe départementale des espaces naturels sensibles
TDF,Télédiffusion de France
TDR,Test de Diagnostic Rapide
TDS,Territoire de Santé
TE,Tribunal pour enfants
TEA,Tableaux des Effectifs Autorisés
TEC,Technicien d’Etudes Cliniques
TED,Tenders Electronic Daily
TED,Troubles envahissants du développement
TEE,Titre emploi-service
TEF,Techniciens d'études et de fabrication
TEH,Traite des Êtres Humains
TEMS,Enquête Transparence de l’emploi et mobilité statutaire
TEOM,Taxe d'enlèvement des ordures ménagères
TEP,Transatlantic economic partnership
TER,Train express régional
TER,Tableaux des Effectifs Réalisés
TESE,Titre emploi-service entreprise
TETRA,TEnue de TRAdition
TF,Tranche Ferme
TF1,Télévision française 1
TFB,Taxe sur le foncier bâti
TFPB,Taxe foncière sur les propriétés bâties
TFR,Tarif Forfaitaire de Responsabilité
TGAP,Taxe générale sur les activités polluantes
TGI,Tribunal de grande instance
TGIcc,Tribunal de grande instance à compétence commerciale
TGV,Train à grande vitesse
TH,Travailleur Handicapé
THD,Très Haut Débit
THOT,Tour d'HOrizon Tactique
THPE,Très haute performance énergétique
THT,Très haute tension
TI,Tribunal d’instance
TI,Tribunal d'Instance ou Tactique d'Intervention
TIA,Travaux d'intérêt architectural.
TIB,Traitement indiciaire brut
TIC,Technologie de l’Information et de la Communication
TIC(P),Technicien d'Investigation Criminelle (de Proximité)
TICGN,Taxe intérieure sur les consommations de gaz naturel
TIE,Terminal Informatique Embarqué
TIF,Transport international par chemin de fer.
TIG,Travail d’intérêt général
TIP,Technicien en Intervention Professionnelle
TIPP,Taxe intérieure sur les produits pétroliers
TIR,Transport international de marchandises par route.
TISF,Technicien de l’intervention sociale et familiale
TIT,Technologies de l'information et des télécommunications.
TITMC,Tribunaux d'Instance et Tribunaux Mixtes de Commerce
TLE,Taxe locale d'équipement
TM,Trésorier Militaire
TMA,Tierce Maintenance Applicative
TMC,Tribunal mixte de commerce
TMD,Techniques de la musique et de la danse
TMD,Transport de matières dangereuses
TME,Transmission Mère/Enfant
TMR,Titulaire mobile réseau
TMS,Troubles Musculo-Squelettiques
TNP,Traité sur la non prolifération des armes nucléaires.
TNS,Tribunal non saisi.
TNS,Théâtre national de Strasbourg
TNT,Télévision numérique terrestre
TOM,Territoires d'outre-mer
TOS,"Personnels techniciens, ouvriers et de services"
TP,Temps partiel
TP,Temps Plein
TP,Tribunal de police
TPBR,Tribunal paritaire des baux ruraux
TPE,Travaux publics de l’État
TPE,Tribunal Pour Enfants
TPE,Très Petite Entreprise
TPEC,Technique de Progression et d'Encadrement en Canyon
TPFA,Tribunaux permanents des forces armées
TPG,Trésorier payeur général
TPG,Trésoriers-payeurs généraux
TPI,Tribunal pénal international.
TPICE,Tribunal de première instance des communautés européennes.
TPIcc,Tribunal de première instance à compétence commerciale
TPJ,Traitement des Procédures Judiciaires
TPN,Tarif Première Nécessité (tarif Réduit Pour L’électricité)
TPS,Taxe sur les prestations de services
TPS,Télévision par satellite
TPU,Taxe professionnelle unique
TPZ,Taxe professionnelle de zone
TRACE,Programme du trajet d’accès à l’emploi
TRACFIN,Traitement du renseignement et de l'action contre les circuits financiers clandestins
TRACFIN,Service Traitement du renseignement et action contre les circuits financiers clandestins
TRC,Technicien de recherche clinique
TRDP,Territoires ruraux de développement prioritaire.
TRE,Techniques de recherche d’emploi
TS,Tentative de suicide
TS,Travailleur Social
TSA,Tableau de Synthèse par Activité
TSA,Travail social actualités
TSA,Tribunal supérieur d’appel
TSCA,Taxe spéciale sur les conventions d'assurance
TSD,Titulaire sans droit à pension
TSL,Troubles Sévères Du Langage (ou Aussi Troubles Spécifiques Du Langage)
TSO,Traitement de Substitution des Opiacés
TSS,Tarif Spécial De Solidarité (réduction Tarif De Fourniture De Gaz Naturel)
TSVP,Tourner s'il vous plaît.
TTC,Toutes taxes comprises.
TUC,Travaux d'utilité collective
TV,Télévision.
TVA,Taxe sur la valeur ajoutée
TVHD,Télévision haute définition
TVR,Tramway sur voie routière.
TaRTAM,Tarif réglementé transitoire d'ajustement du marché
U,Zone urbaine dans le POS et les PLU.
UA,Zone de centre ville du POS
UAE,Unité d'activité économique.
UB,Zone d'habitat dense d POS.
UC,Zone d'habitat de densité moyenne du POS.
UC,Unité Capitalisable
UCANSS,Union des caisses nationales de sécurité sociale
UCLAT,Unité de Coordination de la Lutte Anti-Terrorisme
UCLAT,Unité de coordination de la lutte anti-terroriste
UCLIR,Unité de Coordination de la Lutte contre l'Insécurité Routière
UCME,Unité de compte monétaire européenne.
UCPA,Union des centres sportifs de plein air
UCR,Unité de Coordination Régionale
UCSA,Unité de Consultations et de Soins Ambulatoires
UD,Zone d'habitat de densité faible du POS.
UDAF,Union départementale des associations familiales
UDAPEDA,Union Départementale des Associations de Parents d’Enfants Déficients Auditifs
UDV,Union diaconale du Var
UE,Union européenne.
UE,Zone d'activité du POS
UEHD,Unité Éducative d’Hébergement Diversifié
UEM,Union économique et monétaire.
UEMO,Unité Éducative De Milieu Ouvert
UEO,Union de l'Europe occidentale
UEO,Représentation permanente de la France auprès de l'Union de l'Europe occidentale
UER,Unité d'enseignement et de recherche
UEROS,"Unité D’evaluation, De Réentrainement Et D’orientation Sociale Et Professionnelle"
UES,Union d'économie sociale
UESL,Union d'économie sociale pour le logement
UET,Unité Elémentaire de Travail
UF,Unité fonctionnelle
UFAC,Union française des associations d'anciens combattants et de victimes de guerre
UFE,Unité de Fonctionnement Élementaire
UFI,Unité fonctionnelle d’insertion
UFJT,Union des foyers de jeunes travailleurs
UFR,Unité de formation et de recherche
UFV,Unité Française de Vérification
UGAP,Union des groupements d'achats publics
UGB,Unité de gros bétail
UGBA,Unité gros bétail azote.
UGC,Union générale cinématographique
UGECAM,Union pour la Gestion des Établissements de l’Assurance Maladie
UGIVC,Unité Gendarmerie d'Identification de Victimes de Catastrophes
UGPS,Unités de Garde des Points Sensibles
UHF,Ultra High Frequency
UHP,Union hospitalière privée
UHR,Unité D’hébergement Renforcée
UHSA,Unité D’hospitalisation Spécialement Aménagée
UIMS,Union Des Industries Et Des Métiers De La Métallurgie
UIP,Unité Information Passagers
UIPES,Union internationale de promotion de la santé
UIT,Union Internationale des Télécommunications (Voir : organismes de normalisation)
ULAM,Unités littorales des affaires maritimes
ULIC,Unité de Lutte contre l'Immigration Clandestine
ULIS,Unité Localisée Pour L’inclusion Scolaire. Remplace Les upi Depuis 2010.
ULM,Ultralégers motorisés
UM ACE,Unité de management Avions de chasse et équipements
UM AMS,Unité de management Avions de missions et de support
UM COE,Unité de management Cœlacanthe
UM ESIO,Unité de management Espace et systèmes d'information opérationnels
UM HOR,Unité de management Horus
UM HÉLI,Unité de management Opérations d'armement hélicoptères et missiles
UM NAV,Unité de management Opérations d'armement navales
UM NBC,"Unité de management Nucléaire, biologique et chimique"
UM TER,Unité de management Opérations d'armement terrestres
UMIG,Unité Mobile d'Intervention du Groupement
UMP,Universale MaschinenPistole
UMR,Unité Mixte de Recherche
UMTS,"Universal mobile telecommunications system (réseau de télécommunication sans fil à haut débit, incluant l'accès à internet)."
UMVF,Université médicale virtuelle francophone
UNA,Union Nationale de l’Aide
UNA,Unité -- Numéro -- Année
UNACS,Union nationale des centres de soins
UNADMR,Union nationale des associations d’aide à domicile en milieu rural
UNAF,Union nationale des associations familiales
UNAFAM,l’Union Nationale des amis et des familles des malades mentaux
UNAFORIS,Union Nationale Des Associations De Formation Et De Recherche En Intervention Sociale
UNAGAF,Union nationale des associations générales pour l’aide familiale
UNAPEI,Union nationale des associations de parents et amis de personnes handicapées mentales
UNAPP,Association Nationale des Associations de Parrainage de Proximité
UNASEA,"Union Nationale des Associations de Sauvegarde de l’Enfance, de l’Adolescence et des Adultes a changé de nom en janvier 2010 pour devenir la CNAPE"
UNASSAD,Union nationale des associations de soins et de services à domicile
UNAT,Union nationale des associations de tourisme
UNCAF,Union nationale des caisses d’allocations familiales
UNCAM,Union nationale des caisses d'assurance-maladie
UNCCAS,Union Nationale des Centres Communaux d’Action Sociale
UNCCASF,Ancienne dénomination de UNCCAS
UNCEAS,Union nationale des centres d’études et d’actions sociales
UNCPSY,Union Nationale des Cliniques Psychiatriques privées
UNEDIC,Union nationale interprofessionnelle pour l'emploi dans l'industrie et le commerce
UNESCO,"United nations educational, scientific and cultural organisation (Organisation des Nations unies pour l'éducation, la science et la culture)"
UNESCO,"Délégation permanente de la France auprès de l'Organisation des Nations unies pour l'éducation, la science et la culture"
UNFOHLM,Union nationale des fédérations d'organisme d'habitations à loyer modéré.
UNHAJ,Union nationale pour l’habitat des jeunes
UNIA,Unité Nationale d'Investigations et d'Analyse
UNIC,Unité Nationale d'Investigation Criminelle
UNICEF,Fonds des nations unies pour l'enfance.
UNIFAF,"Fonds d’assurance formation de la branche sanitaire, sociale et médico-sociale à but non lucratif"
UNIL,Union nationale interprofessionnelle du logement
UNIOPSS,Union nationale interfédérale des oeuvres et organismes privés sanitaires et sociaux
UNMFREO,Union nationale des maisons familiales rurales d’éducation et d’orientation
UNOCAM,Union nationale des organismes d'assurance maladie complémentaire
UNOPA,Union nationale des offices de personnes âgées
UNPRG,Union Nationale du Personnel en Retraite de la Gendarmerie
UNREP,Union Nationale Rurale d’éducation et de Promotion
UNRS,Union Nationale des Régimes Spéciaux
UNSA,Union nationale des syndicats autonomes
UNSS,Union nationale du sport scolaire
UPAES,Unité Polyvalente D’action éducative Spécialisée
UPEC,Université Paris-Est Créteil – Paris 12
UPI,Unité Pédagogique d’Intégration ( dans le second degré )
UPOV,Union internationale pour la protection des obtentions végétales
UPR,Unité de pédagogie et de recherche
UPVA,Unité Procès Verbal Année
URAPEDA,Union Régionale des associations de parents d’enfants déficients auditifs
URAPEI,Union régionale des associations de parents et amis de personnes handicapées mentales
URBAN,Initiative communautaire concernant les zones urbaines.
URC,Unité de Recherche Clinique
URC,Unité de reconstitution des cytostatiques
URCAUE,Union régionale des conseils d'architecture d'urbanisme et de l'environnement.
UREI,Union régionale d’entreprises d’insertion
URFIST,Unité régionale de formation et de promotion pour l’information scientifique et technique
URIOPSS,Union régionale interfédérale des oeuvres et organismes privés sanitaires et sociaux
URML,Union Régionale des Médecins Libéraux
URPS,Union Régionale Des Professionnels De Santé.
URSCOP,Union Régionale Des Scop
URSSAF,Union de recouvrement des cotisations de sécurité sociale et d'allocations familiales
USC,Unité de soins continus
USGERES,Union De Syndicat Et Groupements D’employeurs Représentatifs Dans L’économie Sociale
USH,Union sociale pour l'habitat
USLD,Unité de Soins de Longue Durée
USN,Unité de Soins Normalisés
USP,Unité de Soins Palliatifs
USSA,Unité de Soins Spécifiques Alzheimer
UTA,Union des transports aériens
UTA,Unité de travail par an.
UTAMS,Unité Territoriale D’action Médico-sociale
UTH,Unité de travail humain.
UTN,Unité touristique nouvelle
UTP,Union des transports publics et ferroviaires.
UTS,Unité territoriale sociale
UVIH,Urgences Vitales Intra-hospitalières
Urcam,Union régionale des caisses d’Assurance maladie
VA,Vérification d'Aptitude (Marchés publics d'informatique visant le CCAG-TIC)
VAB,Valeur ajoutée brute.
VABF,Vérification d'Aptitude au Bon Fonctionnement (parfois utilisé improprement en lieu et place de VA)
VAD,Visite à Domicile
VAE,Validation des acquis de l'expérience
VAMA,Vol À Main Armée
VANE,Valeur ajoutée nette d'exploitation.
VAP,Validation des acquis professionnels
VAR,Vol À la Roulotte
VBRG,Véhicule Blindé à Roues de la Gendarmerie
VE,Voie Express
VEFA,Vente en état futur d'achèvement
VH,Voie Hiérarchique
VHA,Virus de l’Hépatite A
VHC,Virus hépatite C
VHF,Very High Frequency
VHU,Véhicule Hors d'Usage
VIF,Violence Intra-Familiale
VIH,Virus de l’immunodéficience humaine
VL,Véhicule léger
VLM,Véhicule léger médicalisé.
VMA,Vitesse Maximale Aérobie
VMP,Visite Médicale Périodique
VNF,Voie navigable de France.
VNF,Voies navigables de France
VP,Vice-Président
VPE,Vol par effraction
VPS,Virtual private server (Serveur privé virtuel)
VPS,Véhicules premiers secours.
VPSP,Véhicule de premiers secours à personne
VRD,"Voie, réseau, divers"
VRD,"Voirie, réseaux, divers"
VRI,Véhicule Rapide d'Intervention
VRM,Véhicule radio médicalisé.
VRP,"Voyageurs, représentants, placiers"
VRTS,Versement représentatif de la taxe sur les salaires
VSA,Visite Systématique Annuelle
VSART,Volontariat au service de l’art
VSAV,Véhicule de secours et d'assistance aux victimes.
VSAV,Véhicule de Secours Aux Victimes
VSL,Véhicule sanitaire léger
VSNA,Volontaires du service national actif
VSR,Vérification de Service Régulier (Marchés publics d'informatique visant le CCAG-TIC)
VTT,Vélo tout terrain.
VU,Violences Urbaines
VUL,Véhicule utilitaire léger
VVV,Ville Vie Vacances (Voir aussi : opération Ville Vie Vacances)
WWW,World wide web.
X,École polytechnique.
ZAC,Zone d'aménagement concerté
ZAC,Zone d’Activités Commerciale
ZAC,Zone d'Activité Commerciale
ZAD,Zone d'aménagement différé
ZAI,Zone d'activité industrielle.
ZAN,Zone d'agglomération nouvelle
ZAP,Zone agricole protégée.
ZAS,Zone d'Affluence Saisonnière
ZAT,Zone d'aménagement du territoire.
ZAU,Zone par aires urbaines.
ZCP,Zone à caractère pittoresque.
ZCP,Zone de Contact Physique
ZDE,Zone de densification environnementale.
ZDE,Zone de développement éolien
ZDR,Zone de développement rural
ZDS,Zone de Défense et de Sécurité
ZEAT,Zone d’études et d’aménagement du territoire
ZEE,Zone économique exclusive
ZEP,Zone d'éducation prioritaire
ZEP,Zone d'environnement protégé
ZERC,Zone d'exploitation et de réaménagements coordonnées des carrières
ZERMOS,Zone exposée aux risques de mouvement du sol.
ZES,Zone en excédent structurel
ZFU,Zone franche urbaine
ZGN,Zone Gendarmerie Nationale
ZH,Zone d'habitation.
ZI,Zone industrielle.
ZI,Zone Intime
ZICO,Zone d'intérêt communautaire pour les oiseaux.
ZIF,Zone d'intervention foncière
ZIL,Zone D’intervention Localisée
ZM,Zone de montagne.
ZN,Zone naturelle.
ZNIEFF,"Zone naturelle d'intérêt écologique, floristique et faunistique."
ZO,Zone d'Observation
ZPD,Zone proximale de développement
ZPDR,Zone prioritaire de développement rural.
ZPE,Zone de protection écologique
ZPIU,Zone de Peuplement Industriel et Urbain
ZPN,Zone Police Nationale
ZPPAUP,"Zone de protection du patrimoine architectural, urbain et paysage"
ZPR,Zone de publicité restreinte
ZPS,Zone de protection spéciale.
ZRD,Zone de restructuration de la défense
ZRR,Zones de revitalisation rurale
ZRU,Zone de redynamisation urbaine
ZSC,Zone spéciale de conservatoire.
ZSP,Zone de solidarité urbaine
ZUI,Zone à urbanisation immédiate.
ZUP,Zone à urbaniser en priorité
ZUPC,Zones Uniques de Prises en Charges
ZUS,Zone urbaine sensible
bgv,beta.gouv.fr
dircab,DIRecteur de CABinet
eIDAS,Electronic IDentification Authentication and trust Services 
nc,Donnée non communiquée
nd,Donnée non disponible
r,Donnée révisée
s.o.,Sans objet
slb,Service load balancer
